CREATE TABLE CUST_TYP_MSTR(
	CUST_TYP_ID           NUMBER(8) NOT NULL,
	CUST_TYP_NAME         VARCHAR2(50) NOT NULL,
	CUST_TYP_DESC         VARCHAR2(250),
	CUST_TYP_DATESTAMP    DATE DEFAULT SYSTIMESTAMP NOT NULL,
	CUST_TYP_ISVALID      NUMBER(1) DEFAULT 1 NOT NULL,
    CONSTRAINT PK_CUSTTYPID PRIMARY KEY(CUST_TYP_ID),
	CONSTRAINT UK_CUSTTYPNAME UNIQUE(CUST_TYP_NAME)
);
CREATE SEQUENCE CUST_TYP_ID START WITH 5;


CREATE TABLE CUST_MSTR(
	CUST_ID               NUMBER(8),
    CUST_NAME             VARCHAR2(100) NOT NULL,
	CUST_TYP_ID           NUMBER(8) NOT NULL,
	CUST_INSRVCE          VARCHAR2(1),
	CUST_ADDR1            VARCHAR2(50),
	CUST_ADDR2            VARCHAR2(50),
	CUST_CITY             VARCHAR2(25),
	CUST_STATE            VARCHAR2(25),
	CUST_PCODE      	  VARCHAR2(10),    
	CUST_COUNTRY          VARCHAR2(25),
	CUST_CNTCT_FNAME      VARCHAR2(25),
	CUST_CNTCT_LNAME      VARCHAR2(25),
	CUST_CNTCT_DESIGNATION VARCHAR2(50),
	CUST_PHONE1           VARCHAR2(15),
	CUST_EXTENSION1       VARCHAR2(5),
	CUST_PHONE2           VARCHAR2(15),
	CUST_EXTENSION2       VARCHAR2(5),
	CUST_PHONE3           VARCHAR2(15),
	CUST_EXTENSION3       VARCHAR2(5),
	CUST_MOBILE	          VARCHAR2(15),
	CUST_EMAIL            VARCHAR2(100),
	CUST_WEBSITE          VARCHAR2(100),
	CUST_FAX              VARCHAR2(15),
	CUST_LOPD             DATE,
	CUST_LODD             DATE,
	CUST_LWOR             VARCHAR2(50),
	CUST_YTD_ORDRVAL      NUMBER(8),
	CUST_YTD_TOTORDRS     NUMBER(8),
	CUST_DATESTAMP        DATE DEFAULT SYSTIMESTAMP NOT NULL,
	CUST_ISVALID      NUMBER(1) DEFAULT 1 NOT NULL,
	CONSTRAINT PK_CUSTID PRIMARY KEY(CUST_ID),
	CONSTRAINT UK_CUSTNAME UNIQUE(CUST_NAME),
	CONSTRAINT FK_CM_CUSTTYPID FOREIGN KEY(CUST_TYP_ID) REFERENCES CUST_TYP_MSTR(CUST_TYP_ID)
);	

CREATE SEQUENCE CUST_ID;	

CREATE TABLE RESRC_MSTR
(
  	   RESRC_ID 		NUMBER(8),
	   RESRC_NAME 		VARCHAR2(50) NOT NULL,
	   RESRC_DATESTAMP 	DATE DEFAULT SYSTIMESTAMP NOT NULL,
	   RESRC_ISVALID 	NUMBER(1) DEFAULT 1 NOT NULL,
	   CONSTRAINT PK_RESRCID PRIMARY KEY(RESRC_ID),
	   CONSTRAINT UK_RESRCNAME UNIQUE(RESRC_NAME)
);

CREATE TABLE ROLE_MSTR
(
  	   ROLE_ID 			NUMBER(8),
	   ROLE_NAME 		VARCHAR2(50) NOT NULL,
	   ROLE_DESC 		VARCHAR2(250),
	   ROLE_DATESTAMP 	DATE DEFAULT SYSTIMESTAMP NOT NULL,
	   ROLE_ISVALID 	NUMBER(1) DEFAULT 1 NOT NULL,
	   CONSTRAINT PK_ROLEID PRIMARY KEY(ROLE_ID),
	   CONSTRAINT UK_ROLENAME UNIQUE(ROLE_NAME)
);
CREATE SEQUENCE ROLE_ID START WITH 5;
CREATE TABLE ROLE_RESRC
(
 	   ROLE_ID 				NUMBER(8),
	   RESRC_ID 			NUMBER(8),
	   ROLERESRC_DATESTAMP 	DATE DEFAULT SYSTIMESTAMP NOT NULL,
	   ROLERESRC_ISVALID 	NUMBER(1) DEFAULT 1 NOT NULL,
	   CONSTRAINT FK_ROLEID FOREIGN KEY(ROLE_ID) REFERENCES ROLE_MSTR(ROLE_ID),
	   CONSTRAINT FK_RESRCID FOREIGN KEY(RESRC_ID) REFERENCES RESRC_MSTR(RESRC_ID)
);

CREATE TABLE CNTCT_MSTR
(
  	   CNTCT_ID 		NUMBER(8),
	   CNTCT_FNAME 		VARCHAR2(50) NOT NULL,
	   CNTCT_LNAME 		VARCHAR2(50) NOT NULL,
	   CNTCT_TITLE 		VARCHAR2(50),
	   CNTCT_COMPANY 	NUMBER(8),
	   CNTCT_POSITION 	VARCHAR2(50),
	   CNTCT_DOB 		DATE,
	   CNTCT_ADDR1 		VARCHAR2(50),
	   CNTCT_ADDR2 		VARCHAR2(50),
	   CNTCT_CITY 		VARCHAR2(20),
	   CNTCT_STATE 		VARCHAR2(20),
	   CNTCT_PCODE 		VARCHAR2(20),
	   CNTCT_COUNTRY 	VARCHAR2(50),
	   CNTCT_EMAIL 		VARCHAR2(50),
	   CNTCT_HPHONE 	VARCHAR2(15),
	   CNTCT_WPHONE 	VARCHAR2(15),
	   CNTCT_EXTENSION 	VARCHAR2(5),
	   CNTCT_MOBILE 	VARCHAR2(15),
	   CNTCT_FAX 		VARCHAR2(20),
	   CNTCT_DATESTAMP 	DATE DEFAULT SYSTIMESTAMP NOT NULL,
	   CNTCT_ISVALID 	NUMBER(1) DEFAULT 1 NOT NULL,
	   CONSTRAINT PK_CNTCTID PRIMARY KEY(CNTCT_ID),
   	   CONSTRAINT FK_CNTCT_COMPANY FOREIGN KEY(CNTCT_COMPANY) REFERENCES CUST_MSTR(CUST_ID)
);
CREATE SEQUENCE CNTCT_ID START WITH 5;

CREATE TABLE USER_MSTR
(
	   USER_NAME 		VARCHAR2(50),
	   USER_PWD 		VARCHAR2(50) NOT NULL,
	   USER_DESC 		VARCHAR2(250),
	   USER_DATESTAMP 	DATE DEFAULT SYSTIMESTAMP NOT NULL,
	   USER_ISVALID 	NUMBER(1) DEFAULT 1 NOT NULL,
	   CNTCT_ID 		NUMBER(8),
	   CONSTRAINT PK_USERNAME PRIMARY KEY(USER_NAME),
	   CONSTRAINT FK_CNTCTID FOREIGN KEY(CNTCT_ID) REFERENCES CNTCT_MSTR(CNTCT_ID)
);

CREATE TABLE USER_ROLE
(
	USER_NAME 				VARCHAR2(50) NOT NULL,
	ROLE_ID 				NUMBER(8) NOT NULL,
	USERROLE_DATESTAMP 		DATE DEFAULT SYSTIMESTAMP NOT NULL,
	USERROLE_ISVALID 		NUMBER(1) DEFAULT 1 NOT NULL,
	CONSTRAINT FK_USERNAME FOREIGN KEY(USER_NAME) REFERENCES USER_MSTR(USER_NAME),
	CONSTRAINT FK_ROLE_ID FOREIGN KEY(ROLE_ID) REFERENCES ROLE_MSTR(ROLE_ID)
);

CREATE TABLE MSTR_USER
(
			USER_NAME VARCHAR2(50),
			USER_PWD VARCHAR2(50) NOT NULL,
	        CONSTRAINT PK_MUSERNAME PRIMARY KEY(USER_NAME)
);			
	
CREATE TABLE SYSTEM_INFO
(
			CPU_ID VARCHAR2(50),
			MAC_ADDR VARCHAR2(50),
			DRIVE_SNO VARCHAR2(50),
			SYS_USER_NAME VARCHAR2(50),
			SYS_DET VARCHAR2(250),
			SYSTEM_INFO_DATESTAMP DATE DEFAULT SYSTIMESTAMP NOT NULL,  
			SYSTEM_ENABLE_FLG NUMBER(1) DEFAULT 1 NOT NULL,
	        CONSTRAINT UK_CPUIDMACADDRDSNO UNIQUE(CPU_ID,MAC_ADDR,DRIVE_SNO)
);

CREATE TABLE EMP_TYP_MSTR(
	EMP_TYP_ID            NUMBER(8),
	EMP_TYP_NAME          VARCHAR2(50) NOT NULL,
	EMP_TYP_DT            VARCHAR2(1) NOT NULL,
	EMP_TYP_OT            VARCHAR2(1) NOT NULL,
	EMP_TYP_INCENTIVE     VARCHAR2(1) NOT NULL,
	EMP_TYP_DESC          VARCHAR2(250),
	EMP_TYP_DATESTAMP     DATE DEFAULT SYSTIMESTAMP NOT NULL,
	EMP_TYP_ISVALID       NUMBER(1) DEFAULT 1 NOT NULL,
	CONSTRAINT UK_EMPTYPNAME UNIQUE(EMP_TYP_NAME),
	CONSTRAINT PK_EMPTYPID PRIMARY KEY(EMP_TYP_ID)
);

CREATE SEQUENCE EMP_TYP_ID;

CREATE TABLE EMP_STAT_MSTR(
	EMP_STAT_ID           NUMBER(8),
	EMP_STAT_NAME         VARCHAR2(50) NOT NULL,
	EMP_STAT_DATESTAMP    DATE DEFAULT SYSTIMESTAMP NOT NULL,
	EMP_STAT_ISVALID      NUMBER(1) DEFAULT 1 NOT NULL,
	CONSTRAINT PK_EMPSTATID PRIMARY KEY(EMP_STAT_ID),
	CONSTRAINT UK_EMPSTATNAME UNIQUE(EMP_STAT_NAME)
);

CREATE SEQUENCE EMP_STAT_ID;

CREATE TABLE TEAM_MSTR(
	EMP_TYP_ID 	NUMBER(8) NOT NULL,
	MIN_RQD_QTY NUMBER(2) NOT NULL,
	CONSTRAINT FK_TM_EMPTYPID FOREIGN KEY(EMP_TYP_ID) REFERENCES EMP_TYP_MSTR(EMP_TYP_ID)
);

CREATE TABLE EMP_MSTR(
	EMP_ID                NUMBER(8),
	EMP_NAME              VARCHAR2(50) NOT NULL,
	EMP_CDE               VARCHAR(50) NOT NULL,
	EMP_TYP_ID            NUMBER(8) NOT NULL,
	EMP_STAT_ID           NUMBER(8) NOT NULL,
	EMP_INSRVCE           VARCHAR2(1) NOT NULL,
	EMP_DOJ               DATE,
	EMP_DOB               DATE,
	EMP_CNTCT_ADDR1       VARCHAR2(50),
	EMP_CNTCT_ADDR2       VARCHAR2(50),
	EMP_CNTCT_CITY        VARCHAR2(25),
	EMP_CNTCT_STATE       VARCHAR2(25),
	EMP_CNTCT_PCODE       VARCHAR2(10),
	EMP_CNTCT_PHONE1      VARCHAR2(15),    
	EMP_CNTCT_PHONE2      VARCHAR2(15),
	EMP_CNTCT_NAME        VARCHAR2(50),
	EMP_BLOOD_GP          VARCHAR2(20),
	EMP_PERMNT_ADDR1      VARCHAR2(50),
	EMP_PERMNT_ADDR2      VARCHAR2(50),
	EMP_PERMNT_CITY       VARCHAR2(25),
	EMP_PERMNT_STATE      VARCHAR2(25),
	EMP_PERMNT_PCODE      VARCHAR2(10),
	EMP_PERMNT_PHONE1     VARCHAR2(15),    
	EMP_PERMNT_PHONE2     VARCHAR2(15),
	EMP_MTD_SLRY_HRS      NUMBER(5,2),
	EMP_MTD_OT_HRS     	  NUMBER(5,2),
	EMP_MTD_INCNTV_HRS    NUMBER(5,2),
	EMP_YTD_SLRY_HRS      NUMBER(6,2),
	EMP_YTD_OT_HRS        NUMBER(6,2),
	EMP_YTD_INCNTV_HRS    NUMBER(6,2),
	EMP_DATESTAMP         DATE DEFAULT SYSTIMESTAMP NOT NULL,
	EMP_ISVALID           NUMBER(1) DEFAULT 1 NOT NULL,
	CONSTRAINT PK_EMPID PRIMARY KEY(EMP_ID),
	CONSTRAINT UK_EMPCDE UNIQUE(EMP_CDE),
	CONSTRAINT FK_EM_EMPTYPID FOREIGN KEY(EMP_TYP_ID) REFERENCES EMP_TYP_MSTR(EMP_TYP_ID),
	CONSTRAINT FK_EM_EMPSTATID FOREIGN KEY(EMP_STAT_ID) REFERENCES EMP_STAT_MSTR(EMP_STAT_ID)
);
 
CREATE SEQUENCE EMP_ID;

CREATE TABLE OPN_GP_MSTR
(
	OPN_GP_ID           NUMBER(8),
	OPN_GP_CODE         VARCHAR2(10) NOT NULL,
	OPN_GP_MCRELATED    VARCHAR2(1) NOT NULL,
	OPN_GP_DATESTAMP    DATE DEFAULT SYSTIMESTAMP NOT NULL,
	OPN_GP_ISVALID      NUMBER(1) DEFAULT 1 NOT NULL,
	CONSTRAINT PK_OPNGPID PRIMARY KEY(OPN_GP_ID),
	CONSTRAINT UK_OPNGPCODE UNIQUE(OPN_GP_CODE)
);	

CREATE SEQUENCE OPN_GP_ID;	

CREATE TABLE JB_GNRLNAME_MSTR
(
	GNRL_ID             NUMBER(8),
	GNRL_NAME           VARCHAR2(50) NOT NULL,  
	GNRL_DATESTAMP      DATE DEFAULT SYSTIMESTAMP NOT NULL,
	GNRL_ISVALID        NUMBER(1) DEFAULT 1 NOT NULL,
	CONSTRAINT PK_GNRLID PRIMARY KEY(GNRL_ID),
	CONSTRAINT UK_GNRLNAME UNIQUE(GNRL_NAME) 
);
	
CREATE SEQUENCE GNRL_ID;

CREATE TABLE JB_MSTR(
	JB_ID				NUMBER(8),
	JB_NAME             VARCHAR2(50) NOT NULL,
	CUST_ID             NUMBER(8) NOT NULL,
	GNRL_ID             NUMBER(8) NOT NULL,
	JB_DRWG_NO          VARCHAR2(15) NOT NULL,
	JB_RVSN_NO          VARCHAR2(5) NOT NULL,
	JB_MATL_TYP         VARCHAR2(10) NOT NULL,
	JB_STDHRS           NUMBER(7,2) NULL, 
	JB_INCNTV_FLG       VARCHAR2(1) NOT NULL,
	JB_CREATED_DATE     DATE NOT NULL,
	JB_DATESTAMP        DATE DEFAULT SYSTIMESTAMP NOT NULL,
	JB_ISVALID          NUMBER(1) DEFAULT 1 NOT NULL,
	JB_TYP              VARCHAR2(1) DEFAULT 'N' NOT NULL,
	CONSTRAINT PK_JBID PRIMARY KEY(JB_ID),
	CONSTRAINT FK_JM_CUSTID FOREIGN KEY(CUST_ID) REFERENCES CUST_MSTR(CUST_ID),
	CONSTRAINT FK_JM_GNRLID FOREIGN KEY(GNRL_ID) REFERENCES JB_GNRLNAME_MSTR(GNRL_ID),
	CONSTRAINT UK_JB_MSTR UNIQUE(JB_NAME,JB_DRWG_NO,JB_RVSN_NO,JB_MATL_TYP,CUST_ID)
);	

CREATE SEQUENCE JB_ID;



CREATE TABLE JB_OPN_MSTR 
(
	JBOPN_ID            NUMBER(8),
	JB_ID               NUMBER(8) NOT NULL,
	OPN_GP_ID           NUMBER(8) NOT NULL,
	JBOPN_SNO           NUMBER(8) NOT NULL,
	JBOPN_NAME          VARCHAR2(50) NOT NULL,
	JBOPN_STDHRS        NUMBER(5,2) NOT NULL,
	JBOPN_INCENTIVE     VARCHAR2(1),
	CONSTRAINT PK_JBOPNID PRIMARY KEY(JBOPN_ID),
	CONSTRAINT FK_JM_OPNGPID FOREIGN KEY(OPN_GP_ID) REFERENCES OPN_GP_MSTR(OPN_GP_ID),
	CONSTRAINT FK_JM_JBID FOREIGN KEY(JB_ID) REFERENCES JB_MSTR(JB_ID)
);	

CREATE SEQUENCE JBOPN_ID;




CREATE TABLE MC_TYP_MSTR(
	MC_TYP_ID           NUMBER(8),
	MC_TYP_NAME         VARCHAR2(50) NOT NULL,
	MC_TYP_DATESTAMP    DATE DEFAULT SYSTIMESTAMP NOT NULL,
	MC_TYP_ISVALID      NUMBER(1) DEFAULT 1 NOT NULL,
	MC_TYP_DESC         VARCHAR2(250),
	CONSTRAINT PK_MCTYPID PRIMARY KEY(MC_TYP_ID),
	CONSTRAINT UK_MCTYPNAME UNIQUE(MC_TYP_NAME)
);

CREATE SEQUENCE MC_TYP_ID;

CREATE TABLE MC_MSTR(
	MC_CDE 					VARCHAR2(10),
	MC_NAME					VARCHAR2(50) NOT NULL,
	MC_TYP_ID 				NUMBER(8) NOT NULL,
	MC_INUSE				VARCHAR2(1),
	MC_INSTALLDATE			DATE,
	MC_SPLR_NAME			VARCHAR2(50),
	MC_SPLR_CNTCT_PERSON	VARCHAR2(50),
	MC_SPLR_PHONE 			VARCHAR2(15),
	MC_SPLR_ADDR 			VARCHAR2(50),
	MC_SP_NAME				VARCHAR2(50),
	MC_SP_CNTCT_PERSON		VARCHAR2(50),
	MC_SP_PHONE				VARCHAR2(15),
	MC_SP_ADDR 				VARCHAR2(50),
	MC_MTD_HRS_USED 		NUMBER(5,2),
	MC_MTD_IDL_HRS			NUMBER(5,2),
	MC_MTD_BRK_HRS			NUMBER(5,2),
	MC_AVBLTY               NUMBER(5,2),
	MC_FEED_RATE_FACTOR     NUMBER(5,2),
	MC_MAINTENANCE_ALLOWANCE NUMBER(5,2),
	MC_DATESTAMP  			DATE DEFAULT SYSTIMESTAMP NOT NULL,
	MC_ISVALID				NUMBER(1) DEFAULT 1 NOT NULL,
	CONSTRAINT PK_MCCDE PRIMARY KEY(MC_CDE),
	CONSTRAINT UK_MCNAME UNIQUE(MC_NAME),
	CONSTRAINT FK_MM_MCTYPID FOREIGN KEY(MC_TYP_ID) REFERENCES MC_TYP_MSTR(MC_TYP_ID)
);
CREATE TABLE OPN_GP_MC
(
	OPN_GP_ID           NUMBER(8) NOT NULL,
	MC_CDE              VARCHAR2(10) NOT NULL,
	CONSTRAINT FK_OPNGPMC_OPNGPID2 FOREIGN KEY(OPN_GP_ID) REFERENCES OPN_GP_MSTR(OPN_GP_ID),
	CONSTRAINT FK_JM_MCCDE FOREIGN KEY(MC_CDE) REFERENCES MC_MSTR(MC_CDE)
);	


CREATE TABLE RWK_CATEGORY
(
	RWK_CATEGORY_ID         NUMBER(8) NOT NULL,
	RWK_CATEGORY            VARCHAR2(50) NOT NULL,
	RWK_CATEGORY_DATESTAMP  DATE DEFAULT SYSTIMESTAMP NOT NULL,
	RWK_CATEGORY_ISVALID    NUMBER(1) DEFAULT 1 NOT NULL,
	CONSTRAINT PK_RWKCATGRYID PRIMARY KEY(RWK_CATEGORY_ID),
	CONSTRAINT UK_RWKCATGRY UNIQUE(RWK_CATEGORY)
);

CREATE SEQUENCE RWK_CATEGORY_ID;

CREATE TABLE RWK_MSTR
(
	RWK_ID 				NUMBER(8) NOT NULL,
	RWK_CATEGORY_ID 	NUMBER(8) NOT NULL,
	RWK_RSN 			VARCHAR2(25) NOT NULL,
	RWK_DATESTAMP 		DATE DEFAULT SYSTIMESTAMP NOT NULL,
	RWK_ISVALID 		NUMBER(1) DEFAULT 1 NOT NULL,
	CONSTRAINT PK_RWKID PRIMARY KEY(RWK_ID),
	CONSTRAINT FK_RWKCATGRYID FOREIGN KEY(RWK_CATEGORY_ID) REFERENCES RWK_CATEGORY(RWK_CATEGORY_ID),
	CONSTRAINT UK_CATEGORYRSN UNIQUE(RWK_CATEGORY_ID,RWK_RSN)
);

CREATE SEQUENCE RWK_ID;

CREATE TABLE SHIFT_MSTR
(
	SHIFT_ID 			NUMBER(8),
	SHIFT_NAME 			VARCHAR2(50) NOT NULL,
	SHIFT_DESC 			VARCHAR2(250),
	SHIFT_DATESTAMP 	DATE DEFAULT SYSTIMESTAMP NOT NULL,
	SHIFT_ISVALID 		NUMBER(1) DEFAULT 1 NOT NULL,
	CONSTRAINT PK_SHIFTID PRIMARY KEY(SHIFT_ID),
	CONSTRAINT UK_SHIFTNAME UNIQUE(SHIFT_NAME)
);	

CREATE SEQUENCE SHIFT_ID;

CREATE TABLE BASE_CAL
(
	BASE_CAL_ID 		NUMBER(8),
	BASE_CAL_NAME 		VARCHAR2(50) NOT NULL,
	BASE_CAL_STARTDAY 	NUMBER(1) NOT NULL,
	BASE_CAL_ENDDAY 	NUMBER(1) NOT NULL,
	BASE_CAL_DATESTAMP 	DATE DEFAULT SYSTIMESTAMP NOT NULL,
	BASE_CAL_ISVALID 	NUMBER(1) DEFAULT 1 NOT NULL,
	CONSTRAINT PK_BASECALID PRIMARY KEY(BASE_CAL_ID),
	CONSTRAINT UK_BASECALNAME UNIQUE(BASE_CAL_NAME)
);

CREATE SEQUENCE BASE_CAL_ID;

CREATE TABLE BASE_CAL_VAR
(
	SHIFT_ID 					NUMBER(8) NOT NULL,
	BASE_CAL_ID 				NUMBER(8) NOT NULL,
	BASE_CAL_VAR_DAY 			NUMBER(1) NOT NULL,
	BASE_CAL_VAR_STARTTIME		VARCHAR2(5) NOT NULL,
	BASE_CAL_VAR_STARTTIME_DAY  VARCHAR2(3) NOT NULL,
	BASE_CAL_VAR_ENDTIME 		VARCHAR2(5) NOT NULL,
	BASE_CAL_VAR_ENDTIME_DAY    VARCHAR2(3) NOT NULL,
	BASE_CAL_VAR_PREDSRSHIFT 	NUMBER(8),
	CONSTRAINT FK_SHIFTID FOREIGN KEY(SHIFT_ID) REFERENCES SHIFT_MSTR(SHIFT_ID),
	CONSTRAINT UK_SHIFTBASECALDAY UNIQUE(SHIFT_ID,BASE_CAL_ID,BASE_CAL_VAR_DAY),
	CONSTRAINT FK_BASECALID FOREIGN KEY(BASE_CAL_ID) REFERENCES BASE_CAL(BASE_CAL_ID),
	CONSTRAINT FK_BASECALVARPREDSRSHIFT FOREIGN KEY(BASE_CAL_VAR_PREDSRSHIFT) REFERENCES SHIFT_MSTR(SHIFT_ID)
);		 

CREATE TABLE AVBLTY_MSTR
(
	AVBLTY_ID 			NUMBER(8),
	BASE_CAL_ID 		NUMBER(8) NOT NULL,
	AVBLTY_NAME 		VARCHAR2(50) NOT NULL,
	AVBLTY_FROMDATE 	DATE NOT NULL,
	AVBLTY_TODATE 		DATE NOT NULL,
	AVBLTY_CURRENT      VARCHAR2(1) DEFAULT '0' NOT NULL,
	AVBLTY_DATESTAMP 	DATE DEFAULT SYSTIMESTAMP NOT NULL,
	AVBLTY_ISVALID 		NUMBER(1) DEFAULT 1 NOT NULL,
	CONSTRAINT PK_AVBLTYID PRIMARY KEY(AVBLTY_ID),
	CONSTRAINT UK_AVBLTYNAME UNIQUE(AVBLTY_NAME),
	CONSTRAINT FK_BASECALID1 FOREIGN KEY(BASE_CAL_ID) REFERENCES BASE_CAL(BASE_CAL_ID)
);

CREATE SEQUENCE AVBLTY_ID; 

CREATE TABLE CUSTOM_AVBLTY
(
	AVBLTY_ID 					NUMBER(8) NOT NULL,
	SHIFT_ID 					NUMBER(8) NOT NULL,
	CUSTOM_AVBLTY_FORDATE 		DATE NOT NULL,
	CUSTOM_AVBLTY_STARTTIME 	VARCHAR2(5) NOT NULL,
	CUSTOM_AVBLTY_STARTDAY	 	VARCHAR2(3) NOT NULL,
	CUSTOM_AVBLTY_ENDTIME 		VARCHAR2(5) NOT NULL,
	CUSTOM_AVBLTY_ENDDAY 		VARCHAR2(3) NOT NULL,
	CUSTOM_AVBLTY_PREDSRSHIFT   NUMBER(8), 
	CONSTRAINT UK_AVBSFTFORDATE UNIQUE(AVBLTY_ID,SHIFT_ID,CUSTOM_AVBLTY_FORDATE),
	CONSTRAINT FK_AVBLTYID FOREIGN KEY(AVBLTY_ID) REFERENCES AVBLTY_MSTR(AVBLTY_ID),
	CONSTRAINT FK_SHIFTID1 FOREIGN KEY(SHIFT_ID) REFERENCES SHIFT_MSTR(SHIFT_ID),
	CONSTRAINT FK_AVBLTYPREDSRSHIFT FOREIGN KEY(CUSTOM_AVBLTY_PREDSRSHIFT) REFERENCES SHIFT_MSTR(SHIFT_ID)
);	

CREATE TABLE CUSTOM_NON_AVBLTY
(
	AVBLTY_ID 					NUMBER(8) NOT NULL,
	CUSTOM_N_AVBLTY_FORDATE 	DATE NOT NULL,
	N_AVBLTY_RSN 				VARCHAR2(50),
	CONSTRAINT UK_AVBFORDATE UNIQUE(AVBLTY_ID,CUSTOM_N_AVBLTY_FORDATE),
	CONSTRAINT FK_AVBLTYID1 FOREIGN KEY(AVBLTY_ID) REFERENCES AVBLTY_MSTR(AVBLTY_ID)
);
	
CREATE TABLE WO_HEADER
(
	WO_ID 				NUMBER(8),
	WO_NO 				VARCHAR2(10) NOT NULL,
	WO_DATE 			DATE NOT NULL,
	WO_STAT 			VARCHAR2(1) DEFAULT 'O' NOT NULL,
	WO_ESTMD_DATE 		DATE,
	WO_CNTCT_PERSON 	VARCHAR2(50),
	WO_ISVALID 			NUMBER(1) DEFAULT 1 NOT NULL,
	WO_DATESTAMP 		DATE DEFAULT SYSTIMESTAMP NOT NULL,
	CONSTRAINT PK_WOID PRIMARY KEY(WO_ID),
	CONSTRAINT UK_WONO UNIQUE(WO_NO)
);	
CREATE SEQUENCE WO_ID;

CREATE TABLE WO_JB_HEADER
(
	WOJB_ID 			NUMBER(8),
	WO_ID 				NUMBER(8) NOT NULL,
	JB_ID 				NUMBER(8) NOT NULL,
	WOJB_SNO 			NUMBER(8) NOT NULL,
	WOJB_START_SNO 		NUMBER(8) NOT NULL,
	WOJB_QTY 			NUMBER(8) NOT NULL,
	WOJB_DCNO           VARCHAR2(50) NOT NULL,
	WOJB_DCDATE         DATE NOT NULL,
	WOJB_STAT 			VARCHAR2(1) DEFAULT 'O' NOT NULL,
	WOJB_START_DATE 	DATE,
	WOJB_COMPLETE_DATE 	DATE,
	WOJB_RWK_DATE 		DATE,
	WOJB_CLOSED_DATE 	DATE,
	WOJB_TIME_TAKEN 	NUMBER(5,2),
	WOJB_ISPROD_ENTERED VARCHAR2(1) DEFAULT '0' NOT NULL,
	CONSTRAINT PK_WOJBID PRIMARY KEY(WOJB_ID),
	CONSTRAINT FK_WOID FOREIGN KEY(WO_ID) REFERENCES WO_HEADER(WO_ID),
	CONSTRAINT FK_JBID FOREIGN KEY(JB_ID) REFERENCES JB_MSTR(JB_ID),
	CONSTRAINT UK_WOJBHEADER UNIQUE(WO_ID,JB_ID)
);

CREATE SEQUENCE WOJB_ID;	
	
CREATE TABLE WO_JB_STAT
(
	WOJBSTAT_ID 			NUMBER(8),
	WOJB_ID 				NUMBER(8) NOT NULL,
	WOJBSTAT_SNO 			NUMBER(8) NOT NULL,
	WOJBSTAT_SNO_STAT 		VARCHAR2(1) DEFAULT 'O' NOT NULL,
	WOJBSTAT_SNO_STAT_DATE 	DATE DEFAULT SYSTIMESTAMP NOT NULL,
	WOJBSTAT_SNO_RWK 		NUMBER(8),
	WOJBSTAT_SNO_RWK_DATE 	DATE,
	CONSTRAINT PK_WOJBSTATID PRIMARY KEY(WOJBSTAT_ID),
	CONSTRAINT FK_WOJBID FOREIGN KEY(WOJB_ID) REFERENCES WO_JB_HEADER(WOJB_ID)
);

CREATE SEQUENCE WOJBSTAT_ID;

CREATE TABLE WO_JB_OPN
(
	WOJBOPN_ID 				NUMBER(8),
	WOJBSTAT_ID 			NUMBER(8) NOT NULL,
	OPN_GP_ID 				NUMBER(8) NOT NULL,
	WOJBOPN_OPN_SNO 		NUMBER(8) NOT NULL,
	WOJBOPN_OPN_NAME 		VARCHAR2(50) NOT NULL,
	WOJBOPN_OPN_STDHRS 		NUMBER(5,2),
	WOJBOPN_INCENTIVE       VARCHAR2(1),
	WOJBOPN_STAT 			VARCHAR2(1) DEFAULT 'O' NOT NULL,
	WOJBOPN_STAT_DATE 		DATE DEFAULT SYSTIMESTAMP NOT NULL,
	WOJBOPN_ITRN_NO 		NUMBER(2) DEFAULT 1 NOT NULL,
	CONSTRAINT FK_WOJBOPNGPID FOREIGN KEY(OPN_GP_ID) REFERENCES OPN_GP_MSTR(OPN_GP_ID),
	CONSTRAINT PK_WOJBOPNID PRIMARY KEY(WOJBOPN_ID),
	CONSTRAINT FK_WOJBSTATID FOREIGN KEY(WOJBSTAT_ID) REFERENCES WO_JB_STAT(WOJBSTAT_ID)
);

CREATE SEQUENCE WOJBOPN_ID;	

CREATE TABLE WO_JB_HSTRY
(
	WOJB_ID 				NUMBER(8),
	WO_NO 					VARCHAR2(10) NOT NULL,
	JB_NAME 				VARCHAR2(50) NOT NULL,
	CUST_ID 				NUMBER(8) NOT NULL,
	JB_DWG_NO 				VARCHAR2(15) NOT NULL,
	JB_RVSN_NO 				VARCHAR2(5) NOT NULL,
	JB_MATL_TYP 			VARCHAR2(10) NOT NULL,
	WOJB_QTY 				NUMBER(8) NOT NULL,
	WO_DATE 				DATE NOT NULL,
	WOJB_START_DATE 		DATE,
	WOJB_COMPLETE_DATE 		DATE,
	WOJB_CLOSED_DATE 		DATE,
	WOJB_TOT_STD_HRS 		NUMBER(5,2),
	WOJB_TOT_ACTUAL_HRS 	NUMBER(5,2),
	WOJB_TOT_SLRY_HRS 		NUMBER(5,2),
	WOJB_TOT_OT_HRS 		NUMBER(5,2),
	WOJB_TOT_INCNTV_HRS 	NUMBER(5,2),
	WOJB_TOT_RWK_HRS 		NUMBER(5,2),
	WOJB_DLVRY_DATE 		DATE,
	CONSTRAINT PK_WOJBID1 PRIMARY KEY(WOJB_ID),
	CONSTRAINT FK_CUSTID FOREIGN KEY(CUST_ID) REFERENCES CUST_MSTR(CUST_ID)
);
	
CREATE TABLE PRCL_LOG
(
	PRCL_LOG_ID     NUMBER(8),
	WOJBSTAT_ID     NUMBER(8) NOT NULL,
	PCLOG_OPN_LIST  VARCHAR2(150) NOT NULL,
	PCLOG_PCRESN    VARCHAR2(50),
	PCLOG_LOGDATE   DATE DEFAULT SYSTIMESTAMP NOT NULL,
	PCLOG_DATESTAMP DATE DEFAULT SYSTIMESTAMP NOT NULL,
	PCLOG_ISVALID   NUMBER(1) DEFAULT 1 NOT NULL,
	CONSTRAINT PK_PRCLLOGID PRIMARY KEY(PRCL_LOG_ID),
	CONSTRAINT FK_PRCLOG_WOJBSTATID FOREIGN KEY(WOJBSTAT_ID) REFERENCES WO_JB_STAT(WOJBSTAT_ID)
);
	
CREATE SEQUENCE PRCL_LOG_ID;
CREATE TABLE PROD
(
	PROD_ID 			NUMBER(8),
	MC_CDE 				VARCHAR2(10) NOT NULL,
	PROD_CRNT_DATE 		DATE NOT NULL,
	SHIFT_ID 			NUMBER(8) NOT NULL,
	PROD_WORK_TYP 		VARCHAR2(1) NOT NULL,
	PROD_INCNTV_FLG 	VARCHAR2(1) NOT NULL,
	WOJB_ID 			NUMBER(8) NOT NULL,
	PROD_QTY_SNOS 		VARCHAR2(150) NOT NULL,
	PROD_TOT_QTY 		NUMBER(8) NOT NULL,
	PROD_START_OPN 		NUMBER(8) NOT NULL,
	PROD_END_OPN 		NUMBER(8) NOT NULL,
	PROD_STD_HRS 		NUMBER(5,2) NOT NULL,
	PROD_TOT_HRS 		NUMBER(5,2) NOT NULL,
	PROD_UPDATE_PYRL 	VARCHAR2(1) DEFAULT '0' NOT NULL,
	PROD_UPDATE_WO 		VARCHAR2(1) DEFAULT '0' NOT NULL,
	PROD_POST_FLG 		VARCHAR2(1) DEFAULT '0' NOT NULL,
	IS_DLTD 			VARCHAR2(1) DEFAULT '0' NOT NULL,
	PROD_CREATEDBY      VARCHAR2(50) NOT NULL,
	PROD_MODIFYCOUNT    NUMBER(3) DEFAULT 0 NOT NULL,
	PROD_DATESTAMP 		DATE DEFAULT SYSTIMESTAMP NOT NULL,
	PROD_ISVALID 		NUMBER(1) DEFAULT 1 NOT NULL,
	CONSTRAINT PK_PRODID PRIMARY KEY(PROD_ID),
	CONSTRAINT FK_PROD_MCCDE FOREIGN KEY(MC_CDE) REFERENCES MC_MSTR(MC_CDE),
	CONSTRAINT FK_PROD_SHIFTID FOREIGN KEY(SHIFT_ID) REFERENCES SHIFT_MSTR(SHIFT_ID),
	CONSTRAINT FK_PROD_WOJBID FOREIGN KEY(WOJB_ID) REFERENCES WO_JB_HEADER(WOJB_ID),
	CONSTRAINT FK_PROD_CREATEDBY FOREIGN KEY(PROD_CREATEDBY) REFERENCES USER_MSTR(USER_NAME)
);

CREATE SEQUENCE PROD_ID;	
		
CREATE TABLE LOG_PROD
(
	PROD_ID 			NUMBER(8),
	MC_CDE 				VARCHAR2(10) NOT NULL,
	PROD_CRNT_DATE 		DATE NOT NULL,
	SHIFT_ID 			NUMBER(8) NOT NULL,
	PROD_WORK_TYP 		VARCHAR2(1) NOT NULL,
	PROD_INCNTV_FLG 	VARCHAR2(1) NOT NULL,
	WOJB_ID 			NUMBER(8) NOT NULL,
	PROD_QTY_SNOS 		VARCHAR2(150) NOT NULL,
	PROD_TOT_QTY 		NUMBER(8) NOT NULL,
	PROD_START_OPN 		NUMBER(8) NOT NULL,
	PROD_END_OPN 		NUMBER(8) NOT NULL,
	PROD_STD_HRS 		NUMBER(5,2) NOT NULL,
	PROD_TOT_HRS 		NUMBER(5,2) NOT NULL,
	PROD_UPDATE_PYRL 	VARCHAR2(1) DEFAULT '0' NOT NULL,
	PROD_UPDATE_WO 		VARCHAR2(1) DEFAULT '0' NOT NULL,
	PROD_POST_FLG 		VARCHAR2(1) DEFAULT '0' NOT NULL,
	IS_DLTD 			VARCHAR2(1) DEFAULT '0' NOT NULL,
	PROD_CREATEDBY     VARCHAR2(50) NOT NULL,
	PROD_MODIFYCOUNT    NUMBER(3) NOT NULL,
	PROD_DATESTAMP 		DATE DEFAULT SYSTIMESTAMP NOT NULL,
	PROD_ISVALID 		NUMBER(1) DEFAULT 1 NOT NULL,
	CONSTRAINT FK_LOGPROD_MCCDE FOREIGN KEY(MC_CDE) REFERENCES MC_MSTR(MC_CDE),
	CONSTRAINT FK_LOGPROD_SHIFTID FOREIGN KEY(SHIFT_ID) REFERENCES SHIFT_MSTR(SHIFT_ID),
	CONSTRAINT FK_LOGPROD_WOJBID FOREIGN KEY(WOJB_ID) REFERENCES WO_JB_HEADER(WOJB_ID),
	CONSTRAINT FK_LOGPROD_CREATEDBY FOREIGN KEY(PROD_CREATEDBY) REFERENCES USER_MSTR(USER_NAME)
);


CREATE TABLE PROD_EMP
(
	PROD_ID 		NUMBER(8) NOT NULL,
	EMP_ID 			NUMBER(8) NOT NULL,
	DT_HRS 			NUMBER(5,2),
	OT_HRS 			NUMBER(5,2),
	DT_SLRY_HRS 	NUMBER(5,2),
	OT_SLRY_HRS 	NUMBER(5,2),
	INCNTV_SLRY_HRS NUMBER(5,2),
	PROD_MODIFYCOUNT NUMBER(3) DEFAULT 0 NOT NULL,
	CONSTRAINT FK_PRODID FOREIGN KEY(PROD_ID) REFERENCES PROD(PROD_ID),
	CONSTRAINT FK_PRODEMP_EMPID FOREIGN KEY(EMP_ID) REFERENCES EMP_MSTR(EMP_ID)
);	


CREATE TABLE LOG_PROD_EMP
(
	PROD_ID 		NUMBER(8) NOT NULL,
	EMP_ID 			NUMBER(8) NOT NULL,
	DT_HRS 			NUMBER(5,2),
	OT_HRS 			NUMBER(5,2),
	DT_SLRY_HRS 	NUMBER(5,2),
	OT_SLRY_HRS 	NUMBER(5,2),
	INCNTV_SLRY_HRS NUMBER(5,2),
	PROD_MODIFYCOUNT NUMBER(3) NOT NULL,
	CONSTRAINT FK_LOGPRODID FOREIGN KEY(PROD_ID) REFERENCES PROD(PROD_ID),
	CONSTRAINT FK_LOGPRODEMP_EMPID FOREIGN KEY(EMP_ID) REFERENCES EMP_MSTR(EMP_ID)
);	


CREATE TABLE PROD_ACCNTNG
(
	MC_CDE 			VARCHAR2(10) NOT NULL,
	PROD_DATE 		DATE NOT NULL,
	SHIFT_ID 		NUMBER(8) NOT NULL,
	PROD_HRS 		NUMBER(5,2) DEFAULT 0 NOT NULL,
	NPROD_HRS 		NUMBER(5,2) DEFAULT 0 NOT NULL,
	ISHRS_ACCOUNTED VARCHAR2(1) NOT NULL,
	IS_COMPLETED 	VARCHAR2(1) DEFAULT '0' NOT NULL,
	CONSTRAINT UK_MCDATESHIFT UNIQUE(MC_CDE,PROD_DATE,SHIFT_ID),
	CONSTRAINT FK_PA_MCCDE FOREIGN KEY(MC_CDE) REFERENCES MC_MSTR(MC_CDE),
	CONSTRAINT FK_PA_SHIFTID FOREIGN KEY(SHIFT_ID) REFERENCES SHIFT_MSTR(SHIFT_ID)
);	

CREATE TABLE IDL_BRKDWN_RSN
(
	RSN_ID 			NUMBER(8),
	RSN 			VARCHAR2(50) NOT NULL,
	RSN_DATESTAMP 	DATE DEFAULT SYSTIMESTAMP NOT NULL,
	RSN_ISVALID 	NUMBER(1) DEFAULT 1 NOT NULL,
	CONSTRAINT PK_RSNID PRIMARY KEY(RSN_ID)
);
CREATE SEQUENCE RSN_ID;
CREATE TABLE N_PROD
(
	NPROD_ID 			NUMBER(8),
	NPROD_CRNT_DATE 	DATE NOT NULL,
	SHIFT_ID 			NUMBER(8) NOT NULL,
	MC_CDE 				VARCHAR2(10) NOT NULL,
	NPROD_IDL_BRKDWN 	VARCHAR2(10) NOT NULL,
	RSN_ID 				NUMBER(8) NOT NULL,
	NPROD_TOT_HRS 		NUMBER(5,2) NOT NULL,
	NPROD_UPDATE_PYRL 	VARCHAR2(1) DEFAULT '0' NOT NULL,
	NPROD_POST_FLG 		VARCHAR2(1) DEFAULT '0' NOT NULL,
	IS_DLTD 			VARCHAR2(1) DEFAULT '0' NOT NULL,
	NPROD_CREATEDBY     VARCHAR2(50) NOT NULL,
	NPROD_MODIFYCOUNT   NUMBER(3) DEFAULT 0 NOT NULL,
	NPROD_DATESTAMP 	DATE DEFAULT SYSTIMESTAMP NOT NULL,
	NPROD_ISVALID 		NUMBER(1) DEFAULT 1 NOT NULL,
	CONSTRAINT PK_NPRODID PRIMARY KEY(NPROD_ID),
	CONSTRAINT FK_NPROD_MCCDE FOREIGN KEY(MC_CDE) REFERENCES MC_MSTR(MC_CDE),
	CONSTRAINT FK_NPROD_SHIFTID FOREIGN KEY(SHIFT_ID) REFERENCES SHIFT_MSTR(SHIFT_ID),
	CONSTRAINT FK_NPROD_RSNID FOREIGN KEY(RSN_ID) REFERENCES IDL_BRKDWN_RSN(RSN_ID),
	CONSTRAINT FK_NPROD_CREATEDBY FOREIGN KEY(NPROD_CREATEDBY) REFERENCES USER_MSTR(USER_NAME)
);
 
CREATE SEQUENCE NPROD_ID;

CREATE TABLE LOG_N_PROD
(
	NPROD_ID 			NUMBER(8),
	NPROD_CRNT_DATE 	DATE NOT NULL,
	SHIFT_ID 			NUMBER(8) NOT NULL,
	MC_CDE 				VARCHAR2(10) NOT NULL,
	NPROD_IDL_BRKDWN 	VARCHAR2(10) NOT NULL,
	RSN_ID 				NUMBER(8) NOT NULL,
	NPROD_TOT_HRS 		NUMBER(5,2) NOT NULL,
	NPROD_UPDATE_PYRL 	VARCHAR2(1) DEFAULT '0' NOT NULL,
	NPROD_POST_FLG 		VARCHAR2(1) DEFAULT '0' NOT NULL,
	IS_DLTD 			VARCHAR2(1) DEFAULT '0' NOT NULL,
	NPROD_CREATEDBY     VARCHAR2(50) NOT NULL,
	NPROD_MODIFYCOUNT   NUMBER(3) DEFAULT 0 NOT NULL,
	NPROD_DATESTAMP 	DATE DEFAULT SYSTIMESTAMP NOT NULL,
	NPROD_ISVALID 		NUMBER(1) DEFAULT 1 NOT NULL,
	CONSTRAINT FK_LOGNPROD_MCCDE FOREIGN KEY(MC_CDE) REFERENCES MC_MSTR(MC_CDE),
	CONSTRAINT FK_LOGNPROD_SHIFTID FOREIGN KEY(SHIFT_ID) REFERENCES SHIFT_MSTR(SHIFT_ID),
	CONSTRAINT FK_LOGNPROD_RSNID FOREIGN KEY(RSN_ID) REFERENCES IDL_BRKDWN_RSN(RSN_ID),
	CONSTRAINT FK_LOGNPROD_CREATEDBY FOREIGN KEY(NPROD_CREATEDBY) REFERENCES USER_MSTR(USER_NAME)
);

	
CREATE TABLE NPROD_EMP
(
	NPROD_ID 		NUMBER(8) NOT NULL,
	EMP_ID 			NUMBER(8) NOT NULL,
	DT_HRS 			NUMBER(5,2),
	OT_HRS 			NUMBER(5,2),
	DT_SLRY_HRS		NUMBER(5,2),
	OT_SLRY_HRS 	NUMBER(5,2),
	NPROD_MODIFYCOUNT NUMBER(3) DEFAULT 0 NOT NULL,
	CONSTRAINT FK_NPRODID FOREIGN KEY(NPROD_ID) REFERENCES N_PROD(NPROD_ID),
	CONSTRAINT FK_NPRODEMP_EMPID FOREIGN KEY(EMP_ID) REFERENCES EMP_MSTR(EMP_ID)
);	

CREATE TABLE LOG_NPROD_EMP
(
	NPROD_ID 		NUMBER(8) NOT NULL,
	EMP_ID 			NUMBER(8) NOT NULL,
	DT_HRS 			NUMBER(5,2),
	OT_HRS 			NUMBER(5,2),
	DT_SLRY_HRS		NUMBER(5,2),
	OT_SLRY_HRS 	NUMBER(5,2),
	NPROD_MODIFYCOUNT NUMBER(3) NOT NULL,
	CONSTRAINT FK_LOGNPRODID FOREIGN KEY(NPROD_ID) REFERENCES N_PROD(NPROD_ID),
	CONSTRAINT FK_LOGNPRODEMP_EMPID FOREIGN KEY(EMP_ID) REFERENCES EMP_MSTR(EMP_ID)
);	


CREATE TABLE RADL_MATL_TYP_MSTR
(
	RADL_MATL_TYP_ID 	NUMBER(8),
	RADL_MATL_TYP 		VARCHAR2(10) NOT NULL,
	CONSTRAINT PK_RADLMATLTYPID PRIMARY KEY(RADL_MATL_TYP_ID)
);		

CREATE SEQUENCE RADL_MATL_TYP_ID;
CREATE TABLE RADL 
(
	RADL_ID 			NUMBER(8),
	MC_CDE 				VARCHAR2(10) NOT NULL,
	RADL_CRNT_DATE 		DATE NOT NULL,
	SHIFT_ID 			NUMBER(8) NOT NULL,
	RADL_WORK_TYP 		VARCHAR2(1) NOT NULL,
	RADL_INCNTV_FLG 	VARCHAR2(1) NOT NULL,
	WOJB_ID 			NUMBER(8) NOT NULL,
	RADL_QTY_SNOS 		VARCHAR2(150) NOT NULL,
	RADL_TOT_QTY 		NUMBER(8) NOT NULL,
	RADL_START_OPN 		NUMBER(8) NOT NULL,
	RADL_END_OPN 		NUMBER(8) NOT NULL,
	RADL_STD_HRS 		NUMBER(5,2) NOT NULL,
	RADL_TOT_HRS 		NUMBER(5,2) NOT NULL,
	RADL_UPDATE_PYRL 	VARCHAR2(1) DEFAULT '0' NOT NULL,
	RADL_UPDATE_WO 		VARCHAR2(1) DEFAULT '0' NOT NULL,
	RADL_POST_FLG 		VARCHAR2(1) DEFAULT '0' NOT NULL,
	RADL_MATL_TYP_ID 	NUMBER(8) NOT NULL,
	RADL_DMTR 			NUMBER(8,2) NOT NULL,
	RADL_LENGTH 		NUMBER(8,2) NOT NULL,
	RADL_NO_OF_HOLES 	NUMBER(8) NOT NULL,
	RADL_PRDMTR 		NUMBER(8,2) NOT NULL,
	RADL_COMPLETION_FLG VARCHAR2(1) NOT NULL,
	IS_DLTD 			VARCHAR2(1) DEFAULT '0' NOT NULL,
	RADL_CREATEDBY      VARCHAR2(50) NOT NULL,
	RADL_MODIFYCOUNT    NUMBER(3) DEFAULT 0 NOT NULL,
	RADL_DATESTAMP 		DATE DEFAULT SYSTIMESTAMP NOT NULL,
	RADL_ISVALID 		NUMBER(1) DEFAULT 1 NOT NULL,
	CONSTRAINT PK_RADLID PRIMARY KEY(RADL_ID),
	CONSTRAINT FK_RADL_MCCDE FOREIGN KEY(MC_CDE) REFERENCES MC_MSTR(MC_CDE),
	CONSTRAINT FK_RADL_SHIFTID FOREIGN KEY(SHIFT_ID) REFERENCES SHIFT_MSTR(SHIFT_ID),
	CONSTRAINT FK_RADL_WOJBID FOREIGN KEY(WOJB_ID) REFERENCES WO_JB_HEADER(WOJB_ID),
	CONSTRAINT FK_RADLMATLTYPID FOREIGN KEY(RADL_MATL_TYP_ID) REFERENCES RADL_MATL_TYP_MSTR(RADL_MATL_TYP_ID),
	CONSTRAINT FK_RADL_CREATEDBY FOREIGN KEY(RADL_CREATEDBY) REFERENCES USER_MSTR(USER_NAME)
);		
CREATE SEQUENCE RADL_ID;

CREATE TABLE LOG_RADL 
(
	RADL_ID 			NUMBER(8),
	MC_CDE 				VARCHAR2(10) NOT NULL,
	RADL_CRNT_DATE 		DATE NOT NULL,
	SHIFT_ID 			NUMBER(8) NOT NULL,
	RADL_WORK_TYP 		VARCHAR2(1) NOT NULL,
	RADL_INCNTV_FLG 	VARCHAR2(1) NOT NULL,
	WOJB_ID 			NUMBER(8) NOT NULL,
	RADL_QTY_SNOS 		VARCHAR2(150) NOT NULL,
	RADL_TOT_QTY 		NUMBER(8) NOT NULL,
	RADL_START_OPN 		NUMBER(8) NOT NULL,
	RADL_END_OPN 		NUMBER(8) NOT NULL,
	RADL_STD_HRS 		NUMBER(5,2) NOT NULL,
	RADL_TOT_HRS 		NUMBER(5,2) NOT NULL,
	RADL_UPDATE_PYRL 	VARCHAR2(1) DEFAULT '0' NOT NULL,
	RADL_UPDATE_WO 		VARCHAR2(1) DEFAULT '0' NOT NULL,
	RADL_POST_FLG 		VARCHAR2(1) DEFAULT '0' NOT NULL,
	RADL_MATL_TYP_ID 	NUMBER(8) NOT NULL,
	RADL_DMTR 			NUMBER(8,2) NOT NULL,
	RADL_LENGTH 		NUMBER(8,2) NOT NULL,
	RADL_NO_OF_HOLES 	NUMBER(8) NOT NULL,
	RADL_PRDMTR 		NUMBER(8,2) NOT NULL,
	RADL_COMPLETION_FLG VARCHAR2(1) NOT NULL,
	IS_DLTD 			VARCHAR2(1) DEFAULT '0' NOT NULL,
	RADL_CREATEDBY      VARCHAR2(50) NOT NULL,
	RADL_MODIFYCOUNT    NUMBER(3) DEFAULT 0 NOT NULL,
	RADL_DATESTAMP 		DATE DEFAULT SYSTIMESTAMP NOT NULL,
	RADL_ISVALID 		NUMBER(1) DEFAULT 1 NOT NULL,
	CONSTRAINT FK_LOGRADL_MCCDE FOREIGN KEY(MC_CDE) REFERENCES MC_MSTR(MC_CDE),
	CONSTRAINT FK_LOGRADL_SHIFTID FOREIGN KEY(SHIFT_ID) REFERENCES SHIFT_MSTR(SHIFT_ID),
	CONSTRAINT FK_LOGRADL_WOJBID FOREIGN KEY(WOJB_ID) REFERENCES WO_JB_HEADER(WOJB_ID),
	CONSTRAINT FK_LOGRADLMATLTYPID FOREIGN KEY(RADL_MATL_TYP_ID) REFERENCES RADL_MATL_TYP_MSTR(RADL_MATL_TYP_ID),
	CONSTRAINT FK_LOGRADL_CREATEDBY FOREIGN KEY(RADL_CREATEDBY) REFERENCES USER_MSTR(USER_NAME)
);		


CREATE TABLE RADL_EMP
(
	RADL_ID 		NUMBER(8) NOT NULL,
	EMP_ID 			NUMBER(8) NOT NULL,
	DT_HRS 			NUMBER(5,2),
	OT_HRS 			NUMBER(5,2),
	DT_SLRY_HRS 	NUMBER(5,2),
	OT_SLRY_HRS 	NUMBER(5,2),
	INCNTV_SLRY_HRS NUMBER(5,2),
	RADL_MODIFYCOUNT NUMBER(3) DEFAULT 0 NOT NULL,
	CONSTRAINT FK_RADLID FOREIGN KEY(RADL_ID) REFERENCES RADL(RADL_ID),
	CONSTRAINT FK_RADL_EMPID FOREIGN KEY(EMP_ID) REFERENCES EMP_MSTR(EMP_ID)
);	

CREATE TABLE LOG_RADL_EMP
(
	RADL_ID 		NUMBER(8) NOT NULL,
	EMP_ID 			NUMBER(8) NOT NULL,
	DT_HRS 			NUMBER(5,2),
	OT_HRS 			NUMBER(5,2),
	DT_SLRY_HRS 	NUMBER(5,2),
	OT_SLRY_HRS 	NUMBER(5,2),
	INCNTV_SLRY_HRS NUMBER(5,2),
	RADL_MODIFYCOUNT    NUMBER(3) NOT NULL,
	CONSTRAINT FK_LOGRADLID FOREIGN KEY(RADL_ID) REFERENCES RADL(RADL_ID),
	CONSTRAINT FK_LOGRADL_EMPID FOREIGN KEY(EMP_ID) REFERENCES EMP_MSTR(EMP_ID)
);	

CREATE TABLE POP
(
	POP_ID 			NUMBER(8),
	POP_CRNT_DATE 	DATE NOT NULL,
	SHIFT_ID 		NUMBER(8) NOT NULL,
	POP_RSN 		VARCHAR2(30) NOT NULL,
	POP_UPDATE_PYRL VARCHAR2(1) DEFAULT '0' NOT NULL,
	POP_POST_FLG 	VARCHAR2(1) DEFAULT '0' NOT NULL,
	IS_DLTD 		VARCHAR2(1) DEFAULT '0' NOT NULL,
	POP_CREATEDBY      VARCHAR2(50) NOT NULL,
	POP_MODIFYCOUNT    NUMBER(3) DEFAULT 0 NOT NULL,
	POP_DATESTAMP 	DATE DEFAULT SYSTIMESTAMP NOT NULL,
	POP_ISVALID   	NUMBER(1) DEFAULT 1 NOT NULL,
	CONSTRAINT PK_POPID PRIMARY KEY(POP_ID),
	CONSTRAINT FK_POP_SHIFTID FOREIGN KEY(SHIFT_ID) REFERENCES SHIFT_MSTR(SHIFT_ID),
	CONSTRAINT FK_POP_CREATEDBY FOREIGN KEY(POP_CREATEDBY) REFERENCES USER_MSTR(USER_NAME)
);

CREATE SEQUENCE POP_ID;	

CREATE TABLE LOG_POP
(
	POP_ID 			NUMBER(8),
	POP_CRNT_DATE 	DATE NOT NULL,
	SHIFT_ID 		NUMBER(8) NOT NULL,
	POP_RSN 		VARCHAR2(30) NOT NULL,
	POP_UPDATE_PYRL VARCHAR2(1) DEFAULT '0' NOT NULL,
	POP_POST_FLG 	VARCHAR2(1) DEFAULT '0' NOT NULL,
	IS_DLTD 		VARCHAR2(1) DEFAULT '0' NOT NULL,
	POP_CREATEDBY  VARCHAR2(50) NOT NULL,
	POP_MODIFYCOUNT NUMBER(3) DEFAULT 0 NOT NULL,
	POP_DATESTAMP 	DATE DEFAULT SYSTIMESTAMP NOT NULL,
	POP_ISVALID   	NUMBER(1) DEFAULT 1 NOT NULL,
	CONSTRAINT FK_LOGPOP_SHIFTID FOREIGN KEY(SHIFT_ID) REFERENCES SHIFT_MSTR(SHIFT_ID),
	CONSTRAINT FK_LOGPOP_CREATEDBY FOREIGN KEY(POP_CREATEDBY) REFERENCES USER_MSTR(USER_NAME)
);


CREATE TABLE POP_EMP
(
	POP_ID 		NUMBER(8) NOT NULL,
	EMP_ID 		NUMBER(8) NOT NULL,
	DT_HRS 		NUMBER(5,2),
	OT_HRS 		NUMBER(5,2),
	DT_SLRY_HRS NUMBER(5,2),
	OT_SLRY_HRS NUMBER(5,2),
	PROD_MODIFYCOUNT NUMBER(3) DEFAULT 0 NOT NULL,
	CONSTRAINT FK_POPID FOREIGN KEY(POP_ID) REFERENCES POP(POP_ID),
	CONSTRAINT FK_POP_EMPID FOREIGN KEY(EMP_ID) REFERENCES EMP_MSTR(EMP_ID)
);	

CREATE TABLE LOG_POP_EMP
(
	POP_ID 		NUMBER(8) NOT NULL,
	EMP_ID 		NUMBER(8) NOT NULL,
	DT_HRS 		NUMBER(5,2),
	OT_HRS 		NUMBER(5,2),
	DT_SLRY_HRS NUMBER(5,2),
	OT_SLRY_HRS NUMBER(5,2),
	POP_MODIFYCOUNT    NUMBER(3) NOT NULL,
	CONSTRAINT FK_LOGPOPID FOREIGN KEY(POP_ID) REFERENCES POP(POP_ID),
	CONSTRAINT FK_LOGPOP_EMPID FOREIGN KEY(EMP_ID) REFERENCES EMP_MSTR(EMP_ID)
);	


CREATE TABLE F_PROD
(
	FPROD_ID 			NUMBER(8),
	FPROD_CRNT_DATE 	DATE NOT NULL,
	SHIFT_ID 			NUMBER(8) NOT NULL,
	WOJB_ID 			NUMBER(8) NOT NULL,
	FPROD_QTY_SNOS 		VARCHAR2(150) NOT NULL,
	FPROD_TOT_QTY 		NUMBER(8) NOT NULL,
	FPROD_START_OPN 	NUMBER(8) NOT NULL,
	FPROD_END_OPN 		NUMBER(8) NOT NULL,
	FPROD_TOT_HRS       NUMBER(5,2) NOT NULL,
	FPROD_POST_FLG 		VARCHAR2(1) DEFAULT '0' NOT NULL,
	FPROD_CREATEDBY     VARCHAR2(50) NOT NULL,
	FPROD_MODIFYCOUNT   NUMBER(3) DEFAULT 0 NOT NULL,
	FPROD_DATESTAMP 	DATE DEFAULT SYSTIMESTAMP NOT NULL,
	FPROD_ISVALID 		NUMBER(1) DEFAULT 1 NOT NULL,
	CONSTRAINT PK_FPRODID PRIMARY KEY(FPROD_ID),
	CONSTRAINT FK_FPROD_SHIFTID FOREIGN KEY(SHIFT_ID) REFERENCES SHIFT_MSTR(SHIFT_ID),
	CONSTRAINT FK_FPROD_WOJBID FOREIGN KEY(WOJB_ID) REFERENCES WO_JB_HEADER(WOJB_ID),
	CONSTRAINT FK_FPROD_CREATEDBY FOREIGN KEY(FPROD_CREATEDBY) REFERENCES USER_MSTR(USER_NAME)
);

CREATE SEQUENCE FPROD_ID;	
		
CREATE TABLE LOG_F_PROD
(
	FPROD_ID 			NUMBER(8),
	FPROD_CRNT_DATE 	DATE NOT NULL,
	SHIFT_ID 			NUMBER(8) NOT NULL,
	WOJB_ID 			NUMBER(8) NOT NULL,
	FPROD_QTY_SNOS 		VARCHAR2(150) NOT NULL,
	FPROD_TOT_QTY 		NUMBER(8) NOT NULL,
	FPROD_START_OPN 	NUMBER(8) NOT NULL,
	FPROD_END_OPN 		NUMBER(8) NOT NULL,
	FPROD_TOT_HRS       NUMBER(5,2) NOT NULL,
	FPROD_POST_FLG 		VARCHAR2(1) DEFAULT '0' NOT NULL,
	FPROD_CREATEDBY     VARCHAR2(50) NOT NULL,
	FPROD_MODIFYCOUNT   NUMBER(3) NOT NULL,
	FPROD_DATESTAMP 	DATE DEFAULT SYSTIMESTAMP NOT NULL,
	FPROD_ISVALID 		NUMBER(1) DEFAULT 1 NOT NULL,
	CONSTRAINT FK_LOGFPROD_SHIFTID FOREIGN KEY(SHIFT_ID) REFERENCES SHIFT_MSTR(SHIFT_ID),
	CONSTRAINT FK_LOGFPROD_WOJBID FOREIGN KEY(WOJB_ID) REFERENCES WO_JB_HEADER(WOJB_ID),
	CONSTRAINT FK_LOGFPROD_CREATEDBY FOREIGN KEY(FPROD_CREATEDBY) REFERENCES USER_MSTR(USER_NAME)
);


CREATE TABLE FPROD_EMP
(
	FPROD_ID 		NUMBER(8) NOT NULL,
	EMP_ID 			NUMBER(8) NOT NULL,
	FPROD_MODIFYCOUNT NUMBER(3) DEFAULT 0 NOT NULL,
	CONSTRAINT FK_FPRODID FOREIGN KEY(FPROD_ID) REFERENCES F_PROD(FPROD_ID),
	CONSTRAINT FK_FPRODEMP_EMPID FOREIGN KEY(EMP_ID) REFERENCES EMP_MSTR(EMP_ID)
);	


CREATE TABLE LOG_FPROD_EMP
(
	FPROD_ID 		NUMBER(8) NOT NULL,
	EMP_ID 			NUMBER(8) NOT NULL,
	FPROD_MODIFYCOUNT NUMBER(3) NOT NULL,
	CONSTRAINT FK_LOGFPRODID FOREIGN KEY(FPROD_ID) REFERENCES F_PROD(FPROD_ID),
	CONSTRAINT FK_LOGFPRODEMP_EMPID FOREIGN KEY(EMP_ID) REFERENCES EMP_MSTR(EMP_ID)
);	

CREATE TABLE DESPATCH
(
	DESPATCH_ID 			NUMBER(8),
	DESPATCH_CRNT_DATE 	    DATE NOT NULL,
	SHIFT_ID 				NUMBER(8) NOT NULL,
	WOJB_ID 				NUMBER(8) NOT NULL,
	DESPATCH_QTY_SNOS 		VARCHAR2(150) NOT NULL,
	DESPATCH_TOT_QTY 		NUMBER(8) NOT NULL,
	DESPATCH_START_OPN 		NUMBER(8) NOT NULL,
	DESPATCH_END_OPN 		NUMBER(8) NOT NULL,
	DESPATCH_POST_FLG 		VARCHAR2(1) DEFAULT '0' NOT NULL,
	DESPATCH_CREATEDBY     	VARCHAR2(50) NOT NULL,
	DESPATCH_MODIFYCOUNT   	NUMBER(3) DEFAULT 0 NOT NULL,
	DESPATCH_DATESTAMP 		DATE DEFAULT SYSTIMESTAMP NOT NULL,
	DESPATCH_ISVALID 		NUMBER(1) DEFAULT 1 NOT NULL,
	CONSTRAINT PK_DESPATCHID PRIMARY KEY(DESPATCH_ID),
	CONSTRAINT FK_DESPATCH_SHIFTID FOREIGN KEY(SHIFT_ID) REFERENCES SHIFT_MSTR(SHIFT_ID),
	CONSTRAINT FK_DESPATCH_WOJBID FOREIGN KEY(WOJB_ID) REFERENCES WO_JB_HEADER(WOJB_ID),
	CONSTRAINT FK_DESPATCH_CREATEDBY FOREIGN KEY(DESPATCH_CREATEDBY) REFERENCES USER_MSTR(USER_NAME)
);

CREATE SEQUENCE DESPATCH_ID;	
		
CREATE TABLE LOG_DESPATCH
(
	DESPATCH_ID 			NUMBER(8),
	DESPATCH_CRNT_DATE 		DATE NOT NULL,
	SHIFT_ID 				NUMBER(8) NOT NULL,
	WOJB_ID 				NUMBER(8) NOT NULL,
	DESPATCH_QTY_SNOS 		VARCHAR2(150) NOT NULL,
	DESPATCH_TOT_QTY 		NUMBER(8) NOT NULL,
	DESPATCH_START_OPN 		NUMBER(8) NOT NULL,
	DESPATCH_END_OPN 		NUMBER(8) NOT NULL,
	DESPATCH_POST_FLG 		VARCHAR2(1) DEFAULT '0' NOT NULL,
	DESPATCH_CREATEDBY     	VARCHAR2(50) NOT NULL,
	DESPATCH_MODIFYCOUNT   	NUMBER(3) NOT NULL,
	DESPATCH_DATESTAMP 		DATE DEFAULT SYSTIMESTAMP NOT NULL,
	DESPATCH_ISVALID 		NUMBER(1) DEFAULT 1 NOT NULL,
	CONSTRAINT FK_LOGDESPATCH_SHIFTID FOREIGN KEY(SHIFT_ID) REFERENCES SHIFT_MSTR(SHIFT_ID),
	CONSTRAINT FK_LOGDESPATCH_WOJBID FOREIGN KEY(WOJB_ID) REFERENCES WO_JB_HEADER(WOJB_ID),
	CONSTRAINT FK_LOGDESPATCH_CREATEDBY FOREIGN KEY(DESPATCH_CREATEDBY) REFERENCES USER_MSTR(USER_NAME)
);

CREATE TABLE SHIPMENT
(
	SHIPMENT_ID 			NUMBER(8),
	SHIPMENT_CRNT_DATE 	    DATE NOT NULL,
	SHIFT_ID 				NUMBER(8) NOT NULL,
	WOJB_ID 				NUMBER(8) NOT NULL,
	SHIPMENT_QTY_SNOS 		VARCHAR2(150) NOT NULL,
	SHIPMENT_TOT_QTY 		NUMBER(8) NOT NULL,
	SHIPMENT_START_OPN 		NUMBER(8) NOT NULL,
	SHIPMENT_END_OPN 		NUMBER(8) NOT NULL,
	SHIPMENT_DCNO           VARCHAR2(10) NOT NULL,
	SHIPMENT_POST_FLG 		VARCHAR2(1) DEFAULT '0' NOT NULL,
	SHIPMENT_CREATEDBY     	VARCHAR2(50) NOT NULL,
	SHIPMENT_MODIFYCOUNT   	NUMBER(3) DEFAULT 0 NOT NULL,
	SHIPMENT_DATESTAMP 		DATE DEFAULT SYSTIMESTAMP NOT NULL,
	SHIPMENT_ISVALID 		NUMBER(1) DEFAULT 1 NOT NULL,
	CONSTRAINT PK_SHIPMENTID PRIMARY KEY(SHIPMENT_ID),
	CONSTRAINT FK_SHIPMENT_SHIFTID FOREIGN KEY(SHIFT_ID) REFERENCES SHIFT_MSTR(SHIFT_ID),
	CONSTRAINT FK_SHIPMENT_WOJBID FOREIGN KEY(WOJB_ID) REFERENCES WO_JB_HEADER(WOJB_ID),
	CONSTRAINT FK_SHIPMENT_CREATEDBY FOREIGN KEY(SHIPMENT_CREATEDBY) REFERENCES USER_MSTR(USER_NAME)
);

CREATE SEQUENCE SHIPMENT_ID;	
		
CREATE TABLE LOG_SHIPMENT
(
	SHIPMENT_ID 			NUMBER(8),
	SHIPMENT_CRNT_DATE 		DATE NOT NULL,
	SHIFT_ID 				NUMBER(8) NOT NULL,
	WOJB_ID 				NUMBER(8) NOT NULL,
	SHIPMENT_QTY_SNOS 		VARCHAR2(150) NOT NULL,
	SHIPMENT_TOT_QTY 		NUMBER(8) NOT NULL,
	SHIPMENT_START_OPN 		NUMBER(8) NOT NULL,
	SHIPMENT_END_OPN 		NUMBER(8) NOT NULL,
	SHIPMENT_DCNO           VARCHAR2(10) NOT NULL,
	SHIPMENT_POST_FLG 		VARCHAR2(1) DEFAULT '0' NOT NULL,
	SHIPMENT_CREATEDBY     	VARCHAR2(50) NOT NULL,
	SHIPMENT_MODIFYCOUNT   	NUMBER(3) NOT NULL,
	SHIPMENT_DATESTAMP 		DATE DEFAULT SYSTIMESTAMP NOT NULL,
	SHIPMENT_ISVALID 		NUMBER(1) DEFAULT 1 NOT NULL,
	CONSTRAINT FK_LOGSHIPMENT_SHIFTID FOREIGN KEY(SHIFT_ID) REFERENCES SHIFT_MSTR(SHIFT_ID),
	CONSTRAINT FK_LOGSHIPMENT_WOJBID FOREIGN KEY(WOJB_ID) REFERENCES WO_JB_HEADER(WOJB_ID),
	CONSTRAINT FK_LOGSHIPMENT_CREATEDBY FOREIGN KEY(SHIPMENT_CREATEDBY) REFERENCES USER_MSTR(USER_NAME)
);




CREATE TABLE PSTING_RULE_MSTR
(
	PSTING_RULE_ID 			NUMBER(8),
	PSTING_RULE_DESC 		VARCHAR2(250),
	PSTING_RULE_DATESTAMP 	DATE DEFAULT SYSTIMESTAMP NOT NULL,
	PSTING_RULE_ISVALID 	NUMBER(1) DEFAULT 1 NOT NULL,
	CONSTRAINT PK_PSTINGRULEID PRIMARY KEY(PSTING_RULE_ID)
);

CREATE SEQUENCE PSTING_RULE_ID;	

CREATE TABLE PSTING_RULE
(
	PSTING_RULE_ID 		NUMBER(8) NOT NULL,
	CONSTRAINT FK_PSTINGRULEID FOREIGN KEY(PSTING_RULE_ID) REFERENCES PSTING_RULE_MSTR(PSTING_RULE_ID)
);

CREATE TABLE RWK_LOG
(
	RWK_LOG_ID 			NUMBER(8),
	WOJBOPN_ID 			NUMBER(8) NOT NULL,
	RWK_ID 				NUMBER(8) NOT NULL,
	RWKLOG_AUTHRZDBY 	VARCHAR2(25),
	RWK_DATE 			DATE,
	RWKLOG_DATESTAMP 	DATE DEFAULT SYSTIMESTAMP NOT NULL,
	RWKLOG_ISVALID   	NUMBER(1) DEFAULT 1 NOT NULL,
	CONSTRAINT PK_RWKLOGID PRIMARY KEY(RWK_LOG_ID),
	CONSTRAINT FK_WOJBOPNID FOREIGN KEY(WOJBOPN_ID) REFERENCES WO_JB_OPN(WOJBOPN_ID),
	CONSTRAINT FK_RWKID FOREIGN KEY(RWK_ID) REFERENCES RWK_MSTR(RWK_ID)
);
CREATE SEQUENCE RWK_LOG_ID;

CREATE TABLE RWK_LOG_EMP
(
	RWK_LOG_ID 		NUMBER(8) NOT NULL,
	EMP_ID 			NUMBER(8) NOT NULL,
	CONSTRAINT FK_RWKLOGID FOREIGN KEY(RWK_LOG_ID) REFERENCES RWK_LOG(RWK_LOG_ID),
	CONSTRAINT FK_EMPID FOREIGN KEY(EMP_ID) REFERENCES EMP_MSTR(EMP_ID)
);	
CREATE TABLE PYRL_CYCLE_STAT
(
	PYRL_CYCLE_STAT_ID 			NUMBER(8),
	PYRL_CYCLE_STAT_FROM_DATE	DATE NOT NULL,
	PYRL_CYCLE_STAT_TO_DATE 	DATE NOT NULL,
	IS_PYRL_CREATED 			VARCHAR2(1) DEFAULT '0' NOT NULL,
	IS_PYRL_CLOSED 				VARCHAR2(1) DEFAULT '0' NOT NULL,
	CONSTRAINT PK_PYRLCYCLESTATID PRIMARY KEY(PYRL_CYCLE_STAT_ID)
);

CREATE SEQUENCE PYRL_CYCLE_STAT_ID;
CREATE TABLE PREPYRL
(
	PREPYRL_ID 				NUMBER(8),
	SHIFT_ID 				NUMBER(8) NOT NULL,
	PROD_CRNT_DATE 			DATE NOT NULL,
	PREPYRL_DT_HRS 			NUMBER(5,2),
	PREPYRL_OT_HRS 			NUMBER(5,2),
	PREPYRL_RGLRSLRY_HRS 	NUMBER(5,2),
	PREPYRL_OTSLRY_HRS 		NUMBER(5,2),
	PREPYRL_INCNTVSLRY_HRS 	NUMBER(5,2),
	PYRL_CYCLE_STAT_ID 		NUMBER(8) NOT NULL,		
	EMP_ID 					NUMBER(8) NOT NULL,
	PREPYRL_DATA_SRC 		VARCHAR2(30) NOT NULL,
	PREPYRL_CREATEDBY       VARCHAR2(50) NOT NULL,
	CONSTRAINT PK_PREPYRLID PRIMARY KEY(PREPYRL_ID),
	CONSTRAINT FK_PREPYRLSHIFTID FOREIGN KEY(SHIFT_ID) REFERENCES SHIFT_MSTR(SHIFT_ID),
	CONSTRAINT FK_PREPYRLPYRLCYCLESTATID FOREIGN KEY(PYRL_CYCLE_STAT_ID) REFERENCES PYRL_CYCLE_STAT(PYRL_CYCLE_STAT_ID),
	CONSTRAINT FK_PREPYRLEMPID FOREIGN KEY(EMP_ID) REFERENCES EMP_MSTR(EMP_ID),
	CONSTRAINT FK_PREPYRL_CREATEDBY FOREIGN KEY(PREPYRL_CREATEDBY) REFERENCES USER_MSTR(USER_NAME)
);

CREATE SEQUENCE PREPYRL_ID;
CREATE TABLE PYRL_ADJSTMNT
(
	PA_CHNGD_DATE 			DATE NOT NULL,
	PA_CHNGD_RGLRSLRY_HRS 	NUMBER(5,2),
	PA_CHNGD_OTSLRY_HRS 	NUMBER(5,2),
	PA_CHNGD_INCNTVSLRY_HRS NUMBER(5,2),
	PA_COUNT 				NUMBER(2) NOT NULL,
	PREPYRL_ID 				NUMBER(8) NOT NULL,
	PYRL_CYCLE_STAT_ID 		NUMBER(8),
	PA_CREATEDBY            VARCHAR2(50) NOT NULL,
	CONSTRAINT FK_PAPREPYRLID FOREIGN KEY(PREPYRL_ID) REFERENCES PREPYRL(PREPYRL_ID),
	CONSTRAINT FK_PAPYRLCYCLESTATID FOREIGN KEY(PYRL_CYCLE_STAT_ID) REFERENCES PYRL_CYCLE_STAT(PYRL_CYCLE_STAT_ID),
	CONSTRAINT FK_PA_CREATEDBY FOREIGN KEY(PA_CREATEDBY) REFERENCES USER_MSTR(USER_NAME)
);	
	
CREATE TABLE LOG_PYRL_ADJSTMNT
(
	PA_CHNGD_DATE 			DATE NOT NULL,
	PA_CHNGD_RGLRSLRY_HRS 	NUMBER(5,2),
	PA_CHNGD_OTSLRY_HRS 	NUMBER(5,2),
	PA_CHNGD_INCNTVSLRY_HRS NUMBER(5,2),
	PA_COUNT 				NUMBER(2) NOT NULL,
	PREPYRL_ID 				NUMBER(8) NOT NULL,
	PYRL_CYCLE_STAT_ID 		NUMBER(8),
	PA_CREATEDBY            VARCHAR2(50) NOT NULL,
	CONSTRAINT FK_LOG_PAPREPYRLID FOREIGN KEY(PREPYRL_ID) REFERENCES PREPYRL(PREPYRL_ID),
	CONSTRAINT FK_LOG_PAPYRLCYCLESTATID FOREIGN KEY(PYRL_CYCLE_STAT_ID) REFERENCES PYRL_CYCLE_STAT(PYRL_CYCLE_STAT_ID),
	CONSTRAINT FK_LOGPA_CREATEDBY FOREIGN KEY(PA_CREATEDBY) REFERENCES USER_MSTR(USER_NAME)
);	


CREATE TABLE PYRL
(
	SHIFT_ID 				NUMBER(8) NOT NULL,
	PROD_CRNT_DATE 			DATE NOT NULL,
	PYRL_DT_HRS 			NUMBER(5,2),
	PYRL_OT_HRS 			NUMBER(5,2),
	PYRL_RGLRSLRY_HRS 		NUMBER(5,2),
	PYRL_OTSLRY_HRS 		NUMBER(5,2),
	PYRL_INCNTVSLRY_HRS 	NUMBER(5,2),
	PA_COUNT 				NUMBER(2) NOT NULL,
	PYRL_LAST_ADJST_DATE 	DATE,
	PYRL_CLOSED 			VARCHAR2(1) DEFAULT '0' NOT NULL,
	PYRL_CYCLE_STAT_ID 		NUMBER(8) NOT NULL,		
	PREPYRL_ID 				NUMBER(8) NOT NULL,
	EMP_ID 					NUMBER(8) NOT NULL,
	PYRL_CREATEDBY          VARCHAR2(50) NOT NULL,
	CONSTRAINT FK_PYRLSHIFTID FOREIGN KEY(SHIFT_ID) REFERENCES SHIFT_MSTR(SHIFT_ID),
	CONSTRAINT FK_PYRLPREPYRLID FOREIGN KEY(PREPYRL_ID) REFERENCES PREPYRL(PREPYRL_ID),
	CONSTRAINT FK_PYRLPYRLCYCLESTATID FOREIGN KEY(PYRL_CYCLE_STAT_ID) REFERENCES PYRL_CYCLE_STAT(PYRL_CYCLE_STAT_ID),
	CONSTRAINT FK_PYRLEMPID FOREIGN KEY(EMP_ID) REFERENCES EMP_MSTR(EMP_ID),
	CONSTRAINT FK_PYRL_CREATEDBY FOREIGN KEY(PYRL_CREATEDBY) REFERENCES USER_MSTR(USER_NAME)
);

CREATE TABLE PYRL_CYCLE_CONFIG
(
	CYCLE_TYPE VARCHAR2(50) NOT NULL,
	CYCLES VARCHAR2(50) NOT NULL 
);

CREATE TABLE SHDLR_JB_MSTR (
       JB_CLASS             VARCHAR2(200) NOT NULL,
       JB_ID                VARCHAR2(200) NOT NULL,
       JB_NAME              VARCHAR2(100) NOT NULL
);


ALTER TABLE SHDLR_JB_MSTR
       ADD  ( PRIMARY KEY (JB_ID) ) ;


CREATE TABLE SCHDLR (
       SCHDLR_ID            VARCHAR2(200) NOT NULL,
       JB_ID	            VARCHAR2(200) NULL,
       SCHDLR_TYPE          VARCHAR2(1) NOT NULL,
       JB_START_DATE        DATE NULL,
       JB_END_DATE          DATE NULL,
       JB_NEXT_RUN          DATE NULL,
       JB_LAST_RUN          DATE NULL,  
       LAST_RUN_STAT        VARCHAR2(50) 
);


ALTER TABLE SCHDLR
       ADD  ( PRIMARY KEY (SCHDLR_ID) ) ;

ALTER TABLE SCHDLR
       ADD  ( FOREIGN KEY (JB_ID) REFERENCES SHDLR_JB_MSTR(JB_ID)) ;

CREATE TABLE DAILY (
       SCHDLR_ID            VARCHAR2(200) NOT NULL,
       EVERY_PER_DAY        NUMBER(2) DEFAULT 1,
       OCCUR_ONCE_AT_HR     NUMBER(2) DEFAULT 0,
       OCCUR_ONCE_AT_MIN    NUMBER(2) DEFAULT 0,
       OCCUR_ONCE_AT_SEC    NUMBER(2) DEFAULT 0,
       OCCUR_REPEAT_HR      NUMBER(2) DEFAULT 0,
       OCCUR_REPEAT_MIN     NUMBER(2) DEFAULT 0,
       OCCUR_REPEAT_SEC     NUMBER(2) DEFAULT 0,
       START_AT_HR          NUMBER(2) DEFAULT 0,
       START_AT_MIN         NUMBER(2) DEFAULT 0,
       START_AT_SEC         NUMBER(2) DEFAULT 0,
       END_AT_HR            NUMBER(2) DEFAULT 0,
       END_AT_MIN           NUMBER(2) DEFAULT 0,
       END_AT_SEC           NUMBER(2) DEFAULT 0
);

ALTER TABLE DAILY
       ADD  ( FOREIGN KEY (SCHDLR_ID)
                             REFERENCES SCHDLR(SCHDLR_ID)) ;


INSERT INTO PSTING_RULE_MSTR(PSTING_RULE_ID,PSTING_RULE_DESC) VALUES(1,'User can enter production for any date, any shift and any machine');
INSERT INTO PSTING_RULE_MSTR(PSTING_RULE_ID,PSTING_RULE_DESC) VALUES(2,'For a given machine, date and shift, the previous shift entries for that given machine on the "previous shift" must have been posted. For e.g. The date can be the same day or the “valid previous day”');
INSERT INTO PSTING_RULE_MSTR(PSTING_RULE_ID,PSTING_RULE_DESC) VALUES(3,'For a given machine, there should not be any un posted entries.');
INSERT INTO PSTING_RULE_MSTR(PSTING_RULE_ID,PSTING_RULE_DESC) VALUES(4,'All previous days entries must have been posted a given date.');
INSERT INTO PSTING_RULE_MSTR(PSTING_RULE_ID,PSTING_RULE_DESC) VALUES(5,'All previous days entries for a given machine must have been posted.');
INSERT INTO PSTING_RULE_MSTR(PSTING_RULE_ID,PSTING_RULE_DESC) VALUES(6,'For a given date and shift all the entries for all the machines for the valid previous shift must have been posted');

INSERT INTO PSTING_RULE VALUES(1);

INSERT INTO PYRL_CYCLE_CONFIG VALUES('month','1');


INSERT INTO CUST_TYP_MSTR(CUST_TYP_ID,CUST_TYP_NAME,CUST_TYP_DESC) VALUES(1,'Regular','Regular Customer');
INSERT INTO CUST_TYP_MSTR(CUST_TYP_ID,CUST_TYP_NAME,CUST_TYP_DESC) VALUES(2,'Casual','Casual Customer');
INSERT INTO CUST_TYP_MSTR(CUST_TYP_ID,CUST_TYP_NAME,CUST_TYP_DESC) VALUES(3,'One-off','One-off Customer');

INSERT INTO IDL_BRKDWN_RSN(RSN_ID,RSN) VALUES(100,'Mechanical');
INSERT INTO IDL_BRKDWN_RSN(RSN_ID,RSN) VALUES(101,'Electrical');
INSERT INTO IDL_BRKDWN_RSN(RSN_ID,RSN) VALUES(102,'Instrument');
INSERT INTO IDL_BRKDWN_RSN(RSN_ID,RSN) VALUES(103,'Man');
INSERT INTO IDL_BRKDWN_RSN(RSN_ID,RSN) VALUES(104,'Job');
INSERT INTO IDL_BRKDWN_RSN(RSN_ID,RSN) VALUES(105,'Drawing');
INSERT INTO IDL_BRKDWN_RSN(RSN_ID,RSN) VALUES(106,'PCC');
INSERT INTO IDL_BRKDWN_RSN(RSN_ID,RSN) VALUES(107,'Tools');
INSERT INTO IDL_BRKDWN_RSN(RSN_ID,RSN) VALUES(108,'Gauge');
INSERT INTO IDL_BRKDWN_RSN(RSN_ID,RSN) VALUES(109,'Others');
INSERT INTO IDL_BRKDWN_RSN(RSN_ID,RSN) VALUES(110,'Crane');

INSERT INTO RADL_MATL_TYP_MSTR  VALUES(1,'MS');
INSERT INTO RADL_MATL_TYP_MSTR  VALUES(2,'SS');


INSERT INTO RESRC_MSTR(RESRC_ID,RESRC_NAME) VALUES(1,'CustomerTypeView');
INSERT INTO RESRC_MSTR(RESRC_ID,RESRC_NAME) VALUES(2,'CustomerView');
INSERT INTO RESRC_MSTR(RESRC_ID,RESRC_NAME) VALUES(3,'EmployeeTypeView');
INSERT INTO RESRC_MSTR(RESRC_ID,RESRC_NAME) VALUES(4,'EmployeeView');
INSERT INTO RESRC_MSTR(RESRC_ID,RESRC_NAME) VALUES(5,'MachineTypeView');
INSERT INTO RESRC_MSTR(RESRC_ID,RESRC_NAME) VALUES(6,'MachineView');
INSERT INTO RESRC_MSTR(RESRC_ID,RESRC_NAME) VALUES(7,'OperationGroupView');
INSERT INTO RESRC_MSTR(RESRC_ID,RESRC_NAME) VALUES(8,'ShiftDefinitionView');
INSERT INTO RESRC_MSTR(RESRC_ID,RESRC_NAME) VALUES(9,'BaseCalendarView');
INSERT INTO RESRC_MSTR(RESRC_ID,RESRC_NAME) VALUES(10,'AvailabilityCalendarView');
INSERT INTO RESRC_MSTR(RESRC_ID,RESRC_NAME) VALUES(11,'JobView');
INSERT INTO RESRC_MSTR(RESRC_ID,RESRC_NAME) VALUES(12,'ReworkView');
INSERT INTO RESRC_MSTR(RESRC_ID,RESRC_NAME) VALUES(13,'WorkOrderView');
INSERT INTO RESRC_MSTR(RESRC_ID,RESRC_NAME) VALUES(14,'DummyWorkOrderView');
INSERT INTO RESRC_MSTR(RESRC_ID,RESRC_NAME) VALUES(15,'WorkOrderJobClosingView');
INSERT INTO RESRC_MSTR(RESRC_ID,RESRC_NAME) VALUES(16,'PreCloseLogView');
INSERT INTO RESRC_MSTR(RESRC_ID,RESRC_NAME) VALUES(17,'ProductionView');
INSERT INTO RESRC_MSTR(RESRC_ID,RESRC_NAME) VALUES(18,'NonProductionView');
INSERT INTO RESRC_MSTR(RESRC_ID,RESRC_NAME) VALUES(19,'RadialProductionView');
INSERT INTO RESRC_MSTR(RESRC_ID,RESRC_NAME) VALUES(20,'PayOutsideProductionView');
INSERT INTO RESRC_MSTR(RESRC_ID,RESRC_NAME) VALUES(21,'PostProductionView');
INSERT INTO RESRC_MSTR(RESRC_ID,RESRC_NAME) VALUES(22,'PayrollCycleView');
INSERT INTO RESRC_MSTR(RESRC_ID,RESRC_NAME) VALUES(23,'PayrollInterfaceView');
INSERT INTO RESRC_MSTR(RESRC_ID,RESRC_NAME) VALUES(24,'PayrollView');
INSERT INTO RESRC_MSTR(RESRC_ID,RESRC_NAME) VALUES(25,'PayrollAdjustmentView');
INSERT INTO RESRC_MSTR(RESRC_ID,RESRC_NAME) VALUES(26,'ClosePayrollView');
INSERT INTO RESRC_MSTR(RESRC_ID,RESRC_NAME) VALUES(27,'ReworkLogView');
INSERT INTO RESRC_MSTR(RESRC_ID,RESRC_NAME) VALUES(28,'UserView');
INSERT INTO RESRC_MSTR(RESRC_ID,RESRC_NAME) VALUES(29,'GroupsView');
INSERT INTO RESRC_MSTR(RESRC_ID,RESRC_NAME) VALUES(30,'SalaryReportView');
INSERT INTO RESRC_MSTR(RESRC_ID,RESRC_NAME) VALUES(31,'MonthlyReportView');
INSERT INTO RESRC_MSTR(RESRC_ID,RESRC_NAME) VALUES(32,'MonthlyProductionView');
INSERT INTO RESRC_MSTR(RESRC_ID,RESRC_NAME) VALUES(33,'HalfYearlyProductionView');
INSERT INTO RESRC_MSTR(RESRC_ID,RESRC_NAME) VALUES(34,'EmployeePerformanceView');
INSERT INTO RESRC_MSTR(RESRC_ID,RESRC_NAME) VALUES(35,'ProductionsOfMachineView');
INSERT INTO RESRC_MSTR(RESRC_ID,RESRC_NAME) VALUES(36,'MachineUtilizationView');
INSERT INTO RESRC_MSTR(RESRC_ID,RESRC_NAME) VALUES(37,'IdleBreakDownView');
INSERT INTO RESRC_MSTR(RESRC_ID,RESRC_NAME) VALUES(38,'TopSheetView');
INSERT INTO RESRC_MSTR(RESRC_ID,RESRC_NAME) VALUES(39,'QuantityProducedView');
INSERT INTO RESRC_MSTR(RESRC_ID,RESRC_NAME) VALUES(40,'WorkOrderReferenceView');
INSERT INTO RESRC_MSTR(RESRC_ID,RESRC_NAME) VALUES(41,'PayrollIdListView');
INSERT INTO RESRC_MSTR(RESRC_ID,RESRC_NAME) VALUES(42,'PostingRuleView');
INSERT INTO RESRC_MSTR(RESRC_ID,RESRC_NAME) VALUES(43,'TeamView');
INSERT INTO RESRC_MSTR(RESRC_ID,RESRC_NAME) VALUES(44,'ProductionAccountingView');
INSERT INTO RESRC_MSTR(RESRC_ID,RESRC_NAME) VALUES(45,'ActualHrsView');
INSERT INTO RESRC_MSTR(RESRC_ID,RESRC_NAME) VALUES(46,'MachineWiseMonthlyReportView');
INSERT INTO RESRC_MSTR(RESRC_ID,RESRC_NAME) VALUES(47,'MonthlyPayrollReportView');
INSERT INTO RESRC_MSTR(RESRC_ID,RESRC_NAME) VALUES(48,'MyAccountView');
INSERT INTO RESRC_MSTR(RESRC_ID,RESRC_NAME) VALUES(49,'FinalProductionView');
INSERT INTO RESRC_MSTR(RESRC_ID,RESRC_NAME) VALUES(50,'WorkOrderJobStatusView');
INSERT INTO RESRC_MSTR(RESRC_ID,RESRC_NAME) VALUES(51,'DespatchClearanceView');
INSERT INTO RESRC_MSTR(RESRC_ID,RESRC_NAME) VALUES(52,'ShipmentReferenceView');
INSERT INTO RESRC_MSTR(RESRC_ID,RESRC_NAME) VALUES(53,'QualityControlPostingView');
INSERT INTO RESRC_MSTR(RESRC_ID,RESRC_NAME) VALUES(54,'ShipmentPostingView');
INSERT INTO RESRC_MSTR(RESRC_ID,RESRC_NAME) VALUES(55,'WoJobStatusView');
INSERT INTO RESRC_MSTR(RESRC_ID,RESRC_NAME) VALUES(56,'JobQuantitiesView');
INSERT INTO RESRC_MSTR(RESRC_ID,RESRC_NAME) VALUES(57,'ProductionAccntngView');
INSERT INTO RESRC_MSTR(RESRC_ID,RESRC_NAME) VALUES(58,'EmployeePerformanceChartView');
INSERT INTO RESRC_MSTR(RESRC_ID,RESRC_NAME) VALUES(59,'MachineUtilChartView');
INSERT INTO RESRC_MSTR(RESRC_ID,RESRC_NAME) VALUES(60,'IdleBreakDownChartView');


INSERT INTO RESRC_MSTR(RESRC_ID,RESRC_NAME) VALUES(1001,'CustomerTypeEdit');
INSERT INTO RESRC_MSTR(RESRC_ID,RESRC_NAME) VALUES(1002,'CustomerEdit');
INSERT INTO RESRC_MSTR(RESRC_ID,RESRC_NAME) VALUES(1003,'EmployeeTypeEdit');
INSERT INTO RESRC_MSTR(RESRC_ID,RESRC_NAME) VALUES(1004,'EmployeeEdit');
INSERT INTO RESRC_MSTR(RESRC_ID,RESRC_NAME) VALUES(1005,'MachineTypeEdit');
INSERT INTO RESRC_MSTR(RESRC_ID,RESRC_NAME) VALUES(1006,'MachineEdit');
INSERT INTO RESRC_MSTR(RESRC_ID,RESRC_NAME) VALUES(1007,'OperationGroupEdit');
INSERT INTO RESRC_MSTR(RESRC_ID,RESRC_NAME) VALUES(1008,'ShiftDefinitionEdit');
INSERT INTO RESRC_MSTR(RESRC_ID,RESRC_NAME) VALUES(1009,'BaseCalendarEdit');
INSERT INTO RESRC_MSTR(RESRC_ID,RESRC_NAME) VALUES(1010,'AvailabilityCalendarEdit');
INSERT INTO RESRC_MSTR(RESRC_ID,RESRC_NAME) VALUES(1011,'JobEdit');
INSERT INTO RESRC_MSTR(RESRC_ID,RESRC_NAME) VALUES(1012,'ReworkEdit');
INSERT INTO RESRC_MSTR(RESRC_ID,RESRC_NAME) VALUES(1013,'WorkOrderEdit');
INSERT INTO RESRC_MSTR(RESRC_ID,RESRC_NAME) VALUES(1014,'DummyWorkOrderEdit');
INSERT INTO RESRC_MSTR(RESRC_ID,RESRC_NAME) VALUES(1015,'WorkOrderJobClosingEdit');
INSERT INTO RESRC_MSTR(RESRC_ID,RESRC_NAME) VALUES(1016,'PreCloseLogEdit');
INSERT INTO RESRC_MSTR(RESRC_ID,RESRC_NAME) VALUES(1017,'ProductionEdit');
INSERT INTO RESRC_MSTR(RESRC_ID,RESRC_NAME) VALUES(1018,'NonProductionEdit');
INSERT INTO RESRC_MSTR(RESRC_ID,RESRC_NAME) VALUES(1019,'RadialProductionEdit');
INSERT INTO RESRC_MSTR(RESRC_ID,RESRC_NAME) VALUES(1020,'PayOutsideProductionEdit');
INSERT INTO RESRC_MSTR(RESRC_ID,RESRC_NAME) VALUES(1021,'PostProductionEdit');
INSERT INTO RESRC_MSTR(RESRC_ID,RESRC_NAME) VALUES(1022,'PayrollCycleEdit');
INSERT INTO RESRC_MSTR(RESRC_ID,RESRC_NAME) VALUES(1023,'PayrollInterfaceEdit');
INSERT INTO RESRC_MSTR(RESRC_ID,RESRC_NAME) VALUES(1024,'PayrollEdit');
INSERT INTO RESRC_MSTR(RESRC_ID,RESRC_NAME) VALUES(1025,'PayrollAdjustmentEdit');
INSERT INTO RESRC_MSTR(RESRC_ID,RESRC_NAME) VALUES(1026,'ClosePayrollEdit');
INSERT INTO RESRC_MSTR(RESRC_ID,RESRC_NAME) VALUES(1027,'ReworkLogEdit');
INSERT INTO RESRC_MSTR(RESRC_ID,RESRC_NAME) VALUES(1028,'UserEdit');
INSERT INTO RESRC_MSTR(RESRC_ID,RESRC_NAME) VALUES(1029,'GroupsEdit');
INSERT INTO RESRC_MSTR(RESRC_ID,RESRC_NAME) VALUES(1030,'SalaryReportEdit');
INSERT INTO RESRC_MSTR(RESRC_ID,RESRC_NAME) VALUES(1031,'MonthlyReportEdit');
INSERT INTO RESRC_MSTR(RESRC_ID,RESRC_NAME) VALUES(1032,'MonthlyProductionEdit');
INSERT INTO RESRC_MSTR(RESRC_ID,RESRC_NAME) VALUES(1033,'HalfYearlyProductionEdit');
INSERT INTO RESRC_MSTR(RESRC_ID,RESRC_NAME) VALUES(1034,'EmployeePerformanceEdit');
INSERT INTO RESRC_MSTR(RESRC_ID,RESRC_NAME) VALUES(1035,'ProductionsOfMachineEdit');
INSERT INTO RESRC_MSTR(RESRC_ID,RESRC_NAME) VALUES(1036,'MachineUtilizationEdit');
INSERT INTO RESRC_MSTR(RESRC_ID,RESRC_NAME) VALUES(1037,'IdleBreakDownEdit');
INSERT INTO RESRC_MSTR(RESRC_ID,RESRC_NAME) VALUES(1038,'TopSheetEdit');
INSERT INTO RESRC_MSTR(RESRC_ID,RESRC_NAME) VALUES(1039,'QuantityProducedEdit');
INSERT INTO RESRC_MSTR(RESRC_ID,RESRC_NAME) VALUES(1040,'WorkOrderReferenceEdit');
INSERT INTO RESRC_MSTR(RESRC_ID,RESRC_NAME) VALUES(1041,'PayrollIdListEdit');
INSERT INTO RESRC_MSTR(RESRC_ID,RESRC_NAME) VALUES(1042,'PostingRuleEdit');
INSERT INTO RESRC_MSTR(RESRC_ID,RESRC_NAME) VALUES(1043,'TeamEdit');
INSERT INTO RESRC_MSTR(RESRC_ID,RESRC_NAME) VALUES(1044,'ProductionAccountingEdit');
INSERT INTO RESRC_MSTR(RESRC_ID,RESRC_NAME) VALUES(1045,'ActualHrsEdit');
INSERT INTO RESRC_MSTR(RESRC_ID,RESRC_NAME) VALUES(1046,'MachineWiseMonthlyReportEdit');
INSERT INTO RESRC_MSTR(RESRC_ID,RESRC_NAME) VALUES(1047,'MonthlyPayrollReportEdit');
INSERT INTO RESRC_MSTR(RESRC_ID,RESRC_NAME) VALUES(1048,'MyAccountEdit');
INSERT INTO RESRC_MSTR(RESRC_ID,RESRC_NAME) VALUES(1049,'FinalProductionEdit');
INSERT INTO RESRC_MSTR(RESRC_ID,RESRC_NAME) VALUES(1050,'WorkOrderJobStatusEdit');
INSERT INTO RESRC_MSTR(RESRC_ID,RESRC_NAME) VALUES(1051,'DespatchClearanceEdit');
INSERT INTO RESRC_MSTR(RESRC_ID,RESRC_NAME) VALUES(1052,'ShipmentReferenceEdit');
INSERT INTO RESRC_MSTR(RESRC_ID,RESRC_NAME) VALUES(1053,'QualityControlPostingEdit');
INSERT INTO RESRC_MSTR(RESRC_ID,RESRC_NAME) VALUES(1054,'ShipmentPostingEdit');
INSERT INTO RESRC_MSTR(RESRC_ID,RESRC_NAME) VALUES(1055,'WoJobStatusEdit');
INSERT INTO RESRC_MSTR(RESRC_ID,RESRC_NAME) VALUES(1056,'JobQuantitiesEdit');
INSERT INTO RESRC_MSTR(RESRC_ID,RESRC_NAME) VALUES(1057,'ProductionAccntngEdit');
INSERT INTO RESRC_MSTR(RESRC_ID,RESRC_NAME) VALUES(1058,'EmployeePerformanceChartEdit');
INSERT INTO RESRC_MSTR(RESRC_ID,RESRC_NAME) VALUES(1059,'MachineUtilChartEdit');
INSERT INTO RESRC_MSTR(RESRC_ID,RESRC_NAME) VALUES(1060,'IdleBreakDownChartEdit');

INSERT INTO CNTCT_MSTR(CNTCT_ID,CNTCT_FNAME,CNTCT_LNAME,CNTCT_TITLE,CNTCT_POSITION,CNTCT_DOB,CNTCT_ADDR1,CNTCT_ADDR2,CNTCT_CITY,CNTCT_STATE,CNTCT_PCODE,CNTCT_COUNTRY,CNTCT_EMAIL,CNTCT_HPHONE,CNTCT_WPHONE,CNTCT_EXTENSION,CNTCT_MOBILE,CNTCT_FAX) VALUES(1,'CHANDRA','MUTHU','Mr','Team member','31-jul-79','18,Naidu St','kottur','chennai','T.N','600085','India','bkannusamy@savantit.com','044-243474','24338455','382','9840712722','914424338455');
INSERT INTO USER_MSTR(USER_NAME,CNTCT_ID,USER_PWD,USER_DESC) VALUES('admin',1,'EsHpRdWNIgGpj0LPGQGBOw==','Administrator');
INSERT INTO ROLE_MSTR(ROLE_ID,ROLE_NAME,ROLE_DESC) VALUES(1,'ADMIN','Administrator Group');
INSERT INTO USER_ROLE(USER_NAME,ROLE_ID) VALUES('admin',1);


INSERT INTO ROLE_RESRC(ROLE_ID,RESRC_ID) VALUES(1,1001);
INSERT INTO ROLE_RESRC(ROLE_ID,RESRC_ID) VALUES(1,1002);
INSERT INTO ROLE_RESRC(ROLE_ID,RESRC_ID) VALUES(1,1003);
INSERT INTO ROLE_RESRC(ROLE_ID,RESRC_ID) VALUES(1,1004);
INSERT INTO ROLE_RESRC(ROLE_ID,RESRC_ID) VALUES(1,1005);
INSERT INTO ROLE_RESRC(ROLE_ID,RESRC_ID) VALUES(1,1006);
INSERT INTO ROLE_RESRC(ROLE_ID,RESRC_ID) VALUES(1,1007);

INSERT INTO ROLE_RESRC(ROLE_ID,RESRC_ID) VALUES(1,1008);
INSERT INTO ROLE_RESRC(ROLE_ID,RESRC_ID) VALUES(1,1009);
INSERT INTO ROLE_RESRC(ROLE_ID,RESRC_ID) VALUES(1,1010);
INSERT INTO ROLE_RESRC(ROLE_ID,RESRC_ID) VALUES(1,1011);
INSERT INTO ROLE_RESRC(ROLE_ID,RESRC_ID) VALUES(1,1012);
INSERT INTO ROLE_RESRC(ROLE_ID,RESRC_ID) VALUES(1,1013);
INSERT INTO ROLE_RESRC(ROLE_ID,RESRC_ID) VALUES(1,1014);

INSERT INTO ROLE_RESRC(ROLE_ID,RESRC_ID) VALUES(1,1015);
INSERT INTO ROLE_RESRC(ROLE_ID,RESRC_ID) VALUES(1,1016);
INSERT INTO ROLE_RESRC(ROLE_ID,RESRC_ID) VALUES(1,1017);
INSERT INTO ROLE_RESRC(ROLE_ID,RESRC_ID) VALUES(1,1018);
INSERT INTO ROLE_RESRC(ROLE_ID,RESRC_ID) VALUES(1,1019);
INSERT INTO ROLE_RESRC(ROLE_ID,RESRC_ID) VALUES(1,1020);
INSERT INTO ROLE_RESRC(ROLE_ID,RESRC_ID) VALUES(1,1021);

INSERT INTO ROLE_RESRC(ROLE_ID,RESRC_ID) VALUES(1,1022);
INSERT INTO ROLE_RESRC(ROLE_ID,RESRC_ID) VALUES(1,1023);
INSERT INTO ROLE_RESRC(ROLE_ID,RESRC_ID) VALUES(1,1024);
INSERT INTO ROLE_RESRC(ROLE_ID,RESRC_ID) VALUES(1,1025);
INSERT INTO ROLE_RESRC(ROLE_ID,RESRC_ID) VALUES(1,1026);
INSERT INTO ROLE_RESRC(ROLE_ID,RESRC_ID) VALUES(1,1027);
INSERT INTO ROLE_RESRC(ROLE_ID,RESRC_ID) VALUES(1,1028);
INSERT INTO ROLE_RESRC(ROLE_ID,RESRC_ID) VALUES(1,1029);
INSERT INTO ROLE_RESRC(ROLE_ID,RESRC_ID) VALUES(1,1030);
INSERT INTO ROLE_RESRC(ROLE_ID,RESRC_ID) VALUES(1,1031);
INSERT INTO ROLE_RESRC(ROLE_ID,RESRC_ID) VALUES(1,1032);
INSERT INTO ROLE_RESRC(ROLE_ID,RESRC_ID) VALUES(1,1033);
INSERT INTO ROLE_RESRC(ROLE_ID,RESRC_ID) VALUES(1,1034);
INSERT INTO ROLE_RESRC(ROLE_ID,RESRC_ID) VALUES(1,1035);
INSERT INTO ROLE_RESRC(ROLE_ID,RESRC_ID) VALUES(1,1035);
INSERT INTO ROLE_RESRC(ROLE_ID,RESRC_ID) VALUES(1,1036);
INSERT INTO ROLE_RESRC(ROLE_ID,RESRC_ID) VALUES(1,1037);
INSERT INTO ROLE_RESRC(ROLE_ID,RESRC_ID) VALUES(1,1038);
INSERT INTO ROLE_RESRC(ROLE_ID,RESRC_ID) VALUES(1,1039);
INSERT INTO ROLE_RESRC(ROLE_ID,RESRC_ID) VALUES(1,1040);
INSERT INTO ROLE_RESRC(ROLE_ID,RESRC_ID) VALUES(1,1041);
INSERT INTO ROLE_RESRC(ROLE_ID,RESRC_ID) VALUES(1,1042);
INSERT INTO ROLE_RESRC(ROLE_ID,RESRC_ID) VALUES(1,1043);
INSERT INTO ROLE_RESRC(ROLE_ID,RESRC_ID) VALUES(1,1044);
INSERT INTO ROLE_RESRC(ROLE_ID,RESRC_ID) VALUES(1,1045);
INSERT INTO ROLE_RESRC(ROLE_ID,RESRC_ID) VALUES(1,1046);
INSERT INTO ROLE_RESRC(ROLE_ID,RESRC_ID) VALUES(1,1047);
INSERT INTO ROLE_RESRC(ROLE_ID,RESRC_ID) VALUES(1,1048);
INSERT INTO ROLE_RESRC(ROLE_ID,RESRC_ID) VALUES(1,1049);
INSERT INTO ROLE_RESRC(ROLE_ID,RESRC_ID) VALUES(1,1050);
INSERT INTO ROLE_RESRC(ROLE_ID,RESRC_ID) VALUES(1,1051);
INSERT INTO ROLE_RESRC(ROLE_ID,RESRC_ID) VALUES(1,1052);
INSERT INTO ROLE_RESRC(ROLE_ID,RESRC_ID) VALUES(1,1053);
INSERT INTO ROLE_RESRC(ROLE_ID,RESRC_ID) VALUES(1,1054);
INSERT INTO ROLE_RESRC(ROLE_ID,RESRC_ID) VALUES(1,1055);
INSERT INTO ROLE_RESRC(ROLE_ID,RESRC_ID) VALUES(1,1056);
INSERT INTO ROLE_RESRC(ROLE_ID,RESRC_ID) VALUES(1,1057);
INSERT INTO ROLE_RESRC(ROLE_ID,RESRC_ID) VALUES(1,1058);
INSERT INTO ROLE_RESRC(ROLE_ID,RESRC_ID) VALUES(1,1059);
INSERT INTO ROLE_RESRC(ROLE_ID,RESRC_ID) VALUES(1,1060);



	
COMMIT;